/*
 Navicat Premium Data Transfer

 Source Server         : tx-测试服务器-mysql8.0.30
 Source Server Type    : MySQL
 Source Server Version : 80030
 Source Host           : 42.192.54.11:3333
 Source Schema         : lbemi-admin

 Target Server Type    : MySQL
 Target Server Version : 80030
 File Encoding         : 65001

 Date: 21/05/2023 19:36:24
*/

SET NAMES utf8mb4;
SET FOREIGN_KEY_CHECKS = 0;

-- ----------------------------
-- Table structure for clusters
-- ----------------------------
DROP TABLE IF EXISTS `clusters`;
CREATE TABLE `clusters` (
  `id` bigint unsigned NOT NULL AUTO_INCREMENT,
  `created_at` datetime NOT NULL,
  `updated_at` datetime NOT NULL,
  `name` varchar(191) CHARACTER SET utf8mb4 COLLATE utf8mb4_general_ci NOT NULL COMMENT '集群名称',
  `version` varchar(100) CHARACTER SET utf8mb4 COLLATE utf8mb4_general_ci DEFAULT NULL,
  `kube_config` text CHARACTER SET utf8mb4 COLLATE utf8mb4_general_ci NOT NULL COMMENT 'cloud config',
  `run_time` varchar(191) CHARACTER SET utf8mb4 COLLATE utf8mb4_general_ci DEFAULT NULL COMMENT '运行时',
  `service_cidr` varchar(191) CHARACTER SET utf8mb4 COLLATE utf8mb4_general_ci DEFAULT NULL COMMENT 'service cloud ip',
  `pod_cidr` varchar(191) CHARACTER SET utf8mb4 COLLATE utf8mb4_general_ci DEFAULT NULL COMMENT 'pod id',
  `cni` varchar(191) CHARACTER SET utf8mb4 COLLATE utf8mb4_general_ci DEFAULT NULL COMMENT 'cni网络插件',
  `proxy_mode` varchar(191) CHARACTER SET utf8mb4 COLLATE utf8mb4_general_ci DEFAULT NULL COMMENT '网络模式（iptables，ipvs)',
  `status` tinyint(1) DEFAULT NULL COMMENT '集群状态',
  `nodes` bigint DEFAULT NULL COMMENT '节点数量',
  `internal_ip` varchar(191) CHARACTER SET utf8mb4 COLLATE utf8mb4_general_ci DEFAULT NULL,
  `cpu` bigint DEFAULT NULL,
  `memory` double DEFAULT NULL,
  PRIMARY KEY (`id`)
) ENGINE=InnoDB AUTO_INCREMENT=56 DEFAULT CHARSET=utf8mb4 COLLATE=utf8mb4_general_ci;

-- ----------------------------
-- Records of clusters
-- ----------------------------
BEGIN;
INSERT INTO `clusters` VALUES (47, '2023-03-20 17:12:24', '2023-04-10 14:28:13', '3.11', 'v1.25.4', 'BBaNY0rW1eef5CYNRMnVP8Loj42BlL+bmoUITaCx4YXOR3zZVHjkqV3XigBpbE6RN30jaa+BrPMbq0UBiINM/GBrYuaKHi+u4l/C0cHUjxAdqh+c6ydWQ/RIvk+8/lYS7/aXE2Y0IO/yAmyFztNfEHlqiRse2XQZIw7suJcRcXaFLqipdRj0nYYtaGNxlA3O3t6yBOA54CLw+fMS5fYS5PosMIUEF8uNgABWrEL2senPOxN8itJhOZl8VcpIi/Tx17LtkhXBkxqljaWddxJoh4ugXtV01977iJFkbwB61u3CBtOIWyShxQ2vgxOkBbhFUTgp0cQjoTIy4DiDSJOSVzi+D6WWHnbqhwPGQ7IFsOBrT3t3wUn8xM25xjmtarczK4iT4EnTbW+b6FGSf/EIkkPHSg3dlGQD1cbb3m0FlBkw1cmYGHLEii0IH/S4xdnDlx6U9GD9BRfygaAMpwy3dRd70+NEfGGquM5BSZTqyW+ou8EhlW55EnruIOeDllrw8tCNvDWicPZhGdRf22fFNBG2o0G8ODfjkNaQoP4Snlmv6BpiaKE2j22vRqt9AhWTXUCfBU7ZB1yHAPs47SvdBFaWaJUoSYzG3jqKHqMt3616Sbe4MxBKym2yxusWIbwTObLEoS/ibNLGdz7g6YP4CciHGmWnc/EF5cLCArEU3CsQlSqVTkg5svFxyeKYcXq8oDO7WG67MbnqCLYO+ZrVXaB86GmTxQUihXFuXc6KnP7r1uIoSsOzqxR8FYLIwHdlWJ4lmmeLcY0nmmpyBP2M/LMdr7FRIcDweHibTgiw0vL0GGbbNGm+Q+5V1iiHQEyPsv/+8eervwCtq/FncLOwlznUDR0E98cDRDI+vdfFGur4oa63catUUD/bNiS6g2YgFL6+C6+lKXwP9rYWD8yCj/asujmkJq/EIxJqetWN023SpP7Lr+ggpeUmJH0FSKSV64iRc4fZtstNlYk0Ale+/xDrf2bJm3jaaNCwfnbsWhPuUc9oWK2uTD2iZi+YgZ7x44l+2aENGkFyyjThXuhGPAoC1TYqqcKMO4xZeke9BFYla/ME9FK3gfkNrafdd1KWQRbn2S8wKohqd4B6kUhdQmm0akgxbUmapLguLrczYmpppHuowx7na7SZ/7ieHLMfbLSBh5t6c0eXKX1FIRmjWtTiuCHCataf4RjW+3NS6rq9GI4TdYR6x6A7LGCqg15CX2xEdLeR3DuQIQgMU7V6iENrztXkZER7hRErCdDn6TyuTjnMs+pKoSj0ulzByj8Eww2C4EHAgMFdSYnT0kE3B5djj1R+0Nta+/zurw1eK9heVX5KqvugtAgcFlk7C6dZwgFz5B8hSWZLLJLEt0OO61SdePhufNB779lIkZAOTg95ofP/oMoQEgUDo3hReLi57Ll7RIU2oO/oKQEsyRuIgMnu/pAJUmdMo76YGo8ygqmse/HrDDrQxSfXqiIGUfH3beeepuP5IYgPbmlWy0I8wZqFdCSz6A4weMK2IPxBVCVhpb6wtZ0vk3EG8QEMJgHIeHzWTYWRs25/AL88C6p8yK5TMLvc3/bGvkogeXULXBdjBALSEDAfxSC0FwJYarTeIC5zpthw/xXOihHvcS3i+QXb+ZIbZQE3HAZ036FXdArqEvkhh8LcSUIVduFTeXdi3gyaEByPD9dKTNT6DyD1mizYvuhMmmEXqdl2K0q519Fj+S5cMZAXL2vjqvWDsQ7baaOYj27nGfLO4wn8I/vqV2XinpEl+W9M9dS4KaZGdpcL8fBD0bVcZldWJsGa/99mj6RIRqL18ONWby0V3/jpAQ+GBd7MNEkfddZZ3ktirRowxUndHOo3jgCbtjycLomuhaHvui0W2EHbMSPQ4JiaBz1HAXHtcvClDpYtgWDfbaq0ay1o4+CD4uGkGtVheW1GIVabGl/2/1qjCz2+9UsPd1I3vHQh5ltYXzS/FrkfcCPqjRh/7ICPXQ77VN5lLll82geFJ5o1nxRtL2+IFuyi9zlHK5f+MPvh1gXy2E7PR8eYLUX399YobyfysJVQrzGmS+gPODk+BZ30htnY5ukuy8Ny6+IswwO9pwYyIczPT9fZhwtmZPvT3mfHckCQOYJXsps3yHtDZ6XD5dIwtFuRnFw4GZuKWdhg2GSK4tCbeLE6PyJp0MyI554lacQ171LK7j9/0hyo0CxREmTXFvMa5NtNPAcU886MVHdfSLg6SahYl82I1p/Lvsevqzb6BoG/f3H07H8KXJYHypGwjowhhO02XMj+MREAnvPIjdNwwzKQ/+3yGP9LzKynp4Lazx0PrHsmkD/yyvihuoVd0cfQrGOhkGYtEwmUWR8PagmXgQgD17CytALN0zug1XxkQy4yzo9utnF0d4ka+kPatxgHG7hYvNJ1h9Yq+bZMKD8ubFgADeDIli9G4Ele9DWAs3OAXnjdxIzFqMuPU6ZlzCJc1KhMALhvEA9aRuC/cMRuhEI9pGzmBQ3Z73oq8Uzfzmswd5us4kIDoSk+40Y/sRSVYL+MHrs3JgI8aUHgZasFUPw4II6lqKhRdz0Ry/qgg3VubmTWm/dkDqM8dQSqArZFwO4Ok5sZvSouz0uph2akgFV5uhXnLao/8WW7IGT6XRjgqP+XnQ/yq5XWKQPuYN6BoKmrWLXlOfzsD4rpOV7TkVqN0QfJbwCmMo0eljdjg8pSB5Az0GAqcBRRXMhqF7kdVtQAvQsPleTQ+8kg0FrisQ18I5lkWfDMiDeTk/gM7GrYUgl5o65TXWrfdrqM42yvFFKDGyONGOR3j3HOM4R0OUPmPinN8AHtjX9fohID7BrqYTjrI9RWgdc8btwzK0USUhi3HIvMNzpr11IGKUcD525V5lTQUk5jOG6407n+bey7DPUi2+PGdLQBeyqnvEDG7sMQmHLjW1nbQuNYmtbzlbxMwxpZ/g4atmxthUb5LNGHNrsIqwe/vw/0csG+y1B4ovRJhsNqvPrQTaHWUuDXGEFkTZ0k1XRCLUpUqz0cZyFFI62ZFX6AqAQ6++5B1g0/35CzMHZC75hD/vTeILgHr/ApS4aXlnUl1AV5GOzJQ4Li6lDFlVQjzyb6PxVbrOpJVD11495XsqvDJvlzy2m4QPzHdZrUDk++kVwr1buUq42KIDx8oa92YXknOXsFze35LLxtUfivYKZWxBqte33ocJKmGvfu+BnDcPL45l33e/cJUyqBkbW3GJjzg5+CpSWHqPuJqonwJdeyEG2sJhoxoXS9INHdPwVS4L/JldIY57Jvwx6HKZPQlK+xHIz0ODM2+T+o2FsfwqAPEsXEMUmFDmbDxKQt4+rfWUlfzh+5+ZjAHLilKOeM4DuCqynGKOD3jWP5z+kpI4dXkpqUZtSrq8qoYdcIBg322XIKoHFIBaiuH0Nc2q1u4FalGR2jrr6/NmkJ+l9MN2QhDX27ZlchAySElPq0c6D2MhKOHZceVJH1MgWCLw/JJlwakCer0E/rgCiPa25m23oEiex8eViGNOzl1DHA1J5ptSK5j94ml4AEqHMrXU+rmmspZclWZ3Jd2uxi4tSNvG4KwGj03ed+Q12kj4D6Wgf3rOh62jgSiu9i5OdyPki+pG/zMabowFGLRc/mZN1G4yNtCe/cNSr4WYgoTCUUoA6uD4iFPQMEWuTGEmd2U/kjMyWPSvJldgX3ege1X5f42iTIXotQxD1zQsr/iVC3Gs/DeVZKXNyO2KRHNRgKl/LpWjgOBQSaNHOF9o8d80hiF6Zm3kkgQsUFO8+f/l20nPfDYK6EZjsYD3uZtGyjM35Pj0xPnSSFn8iNQeV6FPwuH67GaLFfpprFoevUkZp8RHNJUSC4bGOEJGubmcp13ZkD+yFepEr2NqZAetN4NoDc7HpbpzGnIQWfKz9eXdMIPmQs1aFW5UEcpSvuu6h4qbqFndB3Leg1mDNp+nDSrnczfR8/1W5vgIEyjN32yi5FVDH0wlsR98fCeZnD6Jto1Jw3NA1DRFZco+NSZ5NYYpfUPV+4d4EMbn0Bl//OK+0iulDqcLPZVKSIR69LqbWOHZaxq0iKodtBr9au8sWTPamqe1NNhe3IfD9GkGpJ3LIRB14tJW9p0GtEgfxyRnnvzlP8C+0AtLD9fy+AstcwWXXyrmebVI8yEPBuhDHvlDxglVlVRPa42EsocjMs6ZfYotpzOy3piI+/8lS5AkccbkewcQPqSbJRKuQyC1Y35ymmrIRdp7GXEvvOz6ZoxYAg9f4141NSMbML2+VhKPplZl9yAeuvGXOeUG7N4bn+BeSZ2GZo2wi+Hm5n/fO1eIzURBEDq3n6pVZpHQkqj1UQShiMIXmsTBOpSvTZ53UgeNgGlEpPFMeF9QmZkxt9wa0duv8IEHuHZHPO0oHdqUnz8Hi9j7YhjddDMCfmOkbfvm3HRC3AtZzsHOIsXMPsqa80nThwR2UHNAMcx8AEqLMt7YB/so0HSl5tCsn5fOqL5lVNpS0hjYlFGBe3n/MDgnHjFH2M5FioP9RDnnD6/+HgY5FQYYYrQGIKXQwzPwDOJNB293q+hFjskEG/PKE4HiZTN4QHbE8xna++D9GnJryr4n8gp+NUZ/keLkmwgML0mlqTrbPw5Jcpt6pO23K4IABKW0WjI463E8GnZNQGEroc23H0nMTuKyA46VOylDE4ArhXXdD2hCvGdZoS5p8DMzHB2BBXtFFvD5iEpz0tVq5FTrX8RlO3pBmN9XsbMjb0vPCD+zB7VLPFi9hXlo/Ybwd8LFV7uxs6iOA9jxlJMQRbPIOcg8NasJiH5QMnEvwsUJOOk15UJyK0Yc+LitINzh0UDcgvIG3470i5th/ZcB9ixqVbVC3tOCuS3cO5mGZzOmhSwKa1lbsnu8wP8sWKNuGJGWt+Al6OUPafzJ5WTS8474eTWBGzhqikssj5sVS/vC2POeejjvmabkj6rsGbcSXfMa+ca00Fgc00cEcBYa8gz5eHAyDGLESoUBLDx7dumQW7tvFGwMJn9n3egt1CWAaVbx+jqFy3l0/MaDenkREpPaBl0jwKpAeElQ8RHnKxr68Mj8x7X/OFYmR8Vg93tIfgqAKSLdOC+rkZIQ4A34xveyEdqOWTyaz4GRkC/DbK7PRgbYh2L+CknPPAUDFelPlASbQqWTaFSxbLEMFYyC7BTsn7+9n1gcDIKdKYorPshzJK9hJvQ/7ldfhN16oeFAstsqbYIKkq6a7NuHsvPiFY/0zz669/LO4uzXjN3NJ5dO61CqxNo5jslrb+OSYUPl22fJVrOKh28TCB8PBoLp8i2TCt4IZFZTf39lDjdEqXYwPZebgOF60/V67/RIOLjq9wwgwDEJfZ5y84pFH9jnhkyEBJCcG0GnYuAoKwul6ZdqpqI1G+2zlheBj8tYbsOcqYyWKm2+RavdEB23lOc/sVxGGA1EutsvNUNWSeJVwY5WskhYZtrAbufZHuV2xAVFjVYc6QY/k7I6kSyiERciRAoU40W631L2g6KQfB8VUGTkl3nuPWekzHudBkDi+NEsKA3h/jH4dMwRMhDH+fNpIowl2S3Ms06O5Z/DESFolcbQ8gP+2ENZeaNzgedkdhjKcbMWgl2sT5isz9GMYtD9HOJjtUQA7DLA2fGkySGnjGM+5BjBxVKGtHCYH7EYKTQJe+6+q11XkjXlnr8IuhACyP7fVLwJOl05AYqpTgG/73Tmb7KZnTU0nATv8XLGdzCHzW5eDcQ0n9PT1CXxABoPzmxji0w90tF1PzyNwGeHieNS21fBkmmD0YYm5rVlezhf2NaYqMkJcDtyfqCcT4EdC7EBtkB7fgaKT5ypE7UFab1OZCZJF9ivh5bPSvSZHp8eOV8nwYGh20lbvlNhnv+RiQm3o6jvEty5IuT5AaoMLHBKXbkPpoQB3O8ed8oj/hr3TsbcnzOdjmrDnQGMJBr6G9n1JUc1CdE00CZgCD/hv4WPeSyHwOVt6zCW0CvJ+bdW0iwMuhleP79O0PjB54v2a4sFkfm0hGgLHaQndHPL2I8Xvcsd4D307UlvUTfEmJpNM1hdGWRN1kRfRrHyGW1HdJ8tEAA9Jscdx7u0D/l8joAFx2ju4KApL8snBWrfcDTxvmvBdXoZUdgb15rBGSb7ea9Oc06GO0OcadoKlHE9hcB5UW0zmiq47WW9ktzHBoQvTyGfF/CnUHgX4ipqKVy878bOAUgqm0ub13XNsW9S+wPbC6QTxnkT7v1RjzPvP3vg8j+FYiCFLGHx0VUgVNSA9JzZc2t+cw/+XcILeKbzvZRJUsVvdR8RPiDo4uqpMzo9QPbYlAPmSCi21AP/cxo9w5OrjB+nPdiqFoidcMGVxbw/YUGr6TFlKGDa25l7Ct1Qe45kn/mN7msVDnk4GgYMhJMA/VqPbjYrTpFFxpXucUNodPA4Ciix3qPvfexmwD2Vky2088EU3P0uD+LIf8JlIH5HiblD+sFls3eEFm5I7ZFmabwlr8oZXim4xZU4IANS5xg0typqgChstOEtJnXb8sebbNkogz5GC+Uu4a1oHsif8tit6DCtmdQAXAXcszdfyrwRmme+3QGOAatQd4uj6cG1QLgmhutvkm5CVxwELPDFkum3XuvGSfDjCQRGEhMrXX5X31RN77oM56SUjUuDonx1ZDUicIKolQy5/tlJ/ZRiWQJmkVx5DbDZfsbkEKZKHYYLS9Q39VOElnVjnMztOkkm9Oe/8shY612lh5LExwMFDfO7LXvbztwVCin0K369l4nn5IlS7QhWDyaWez7Z0Y9mOa+2u8fGKWo/kvAx/y4FK+zvsKgB8pQ65KlbUjsKBBa+dlyqVwWWyPHXIaKA3kyArxclCTDnQ8F9RcOn+35DhCfr1321Fcs8c2CP2B+fTSZdr99h3WfwKIdAP/IsnATVVYLYNKOHOkmvTZ73eJ12KXHxLlVVrk/8c79R6KHV3rOAU8xB7XujE9He/YDdxSGgM1u0YuGQ0O9EgnBzjlrNdcSOhIqUeds+I7TvhxT+A4T5yjptX8l6x20ysKPrQa8oUdFY7VEyVLo9NWcG2e5pgekYN3sgO0s2Dee4pPIWiMlyHnYt6y5nXps9PH4C5boDnfoR0kzSoIyNM+5b7k2G6gFBHla0J2eIF4lYcBtK5h3jVPfUZcXdlLvlu6PxL0Mul0fGNXxu1C74Ec6SHYbwuVhjAUKV8iZ0IgXakighzjP9zSi0OX/WDoRa5A4xeQcPTTuHCU89T14T9AiuU0u87tt75fCZEQhGjLbFpHjB/AasRNZ/oqxi7/opzKJCTfONysyvKL5bhOseniso7LldcKbvxVa0s0XkIylS8CfBu9kdJdTlNh/pul+K01vOQSrMHdJK36P9WJrpUWJ0ylpT+jvymaHk0Zz4Q/FfsM86igmu5wxcSdEarwgkB3ZPTYspZ3dmnvj4EKrxki1KLgCfH6jVewkmL1kg3davjq1pfP74Ch+1481DVCobp1gHIpLu5UP6uNmj0p8ESXPyWaDWgZBDUMp5BXQzdG6mB+fpfy0nFlXY6Zk96gKS+9+9076hohFquL4qgfI5ukLGAKCn015ux311WWCvUXye7t', 'containerd://1.6.4', '', '10.233.64.0/24', '', '', 0, 1, '192.168.3.11', 4, 67403706.368);
INSERT INTO `clusters` VALUES (52, '2023-03-23 14:36:29', '2023-05-13 19:03:46', 'local', 'v1.20.15', 'BBaNY0rW1eef5CYNRMnVP8Loj42BlL+bmoUITaCx4YWmlGLpKFeKM4T2jXLyiQNMI6XneHa4JmRRTYs8oOLDif9ikaYV5zr7ohBKjtr5CLFpsZvSq+e8/kdkqutn6N3Cddh3rIKbIi2baMmBwWkE5ueQmkSK+NFmL8gnz82xFT3QuLbSKjpQl/8MlQ0FRIESBY2/hKPaRqHO7dhSgo9OdZIy0Y8Cr/Nq3XY4ZxK8rM7RkCgEIznWI7xs+rfp41Q4WJv6LXpxWNXb0jTDgzamWgc6Ew6WjR9oiaZCkHn5hpOSrWNON/+X6alfk57evSW1hhHfK0ucDne6SbBMUjMyTA5ihsr/8iP+Y/7583EVehGh4wDnGOVNQ1qTchmFhExrqyjYJsfipGJ5np5chN69KRXX2bgM5uSPPKBKvY6J+uUXYmb1qAH31ZH1hm9K/BgqgJaui6di6nUXNwnrFl2XYSvEYnHrNdLcb5+F/JiwzFALMEW8AYJxxBqbCs5FtJQn1TBMPJu/xGtlZwQiCWtXG4YDoiM2DTekBxRih4Zbg/K20msFtKyfzNHb57OlPwOCOxjFyizcchXo/Lspsh6RyD+tc7OqhvnfPxs+qGpiuN2IJWcGukQsAEiM5bY0GzB29+sXSihtQCBbbDa1TNCS8pP5dwHkFf5mqcB1mNj6LBU35g3NpSqQbjKaXcTQuCZibJ4trM0Dhc9G+po4BJLBwKxuUsF5baXD2S2xfQFW9OAs85TZeG36F8OpDcIvxE8dRtqQ+D2iBY13RPz7NjMyeqP1V/oQodXxZNRIF88Q1xKKR/Ys9E9SHY59Ff6P3fuzsCgPYTQXQxTSueS7q+UaxrjNH8ABTJBsT96+p3JyoIs4sWGrFw2V832X0HF0pxxcwbGPfw0i8NFk3MfDE6Gp0bagUHH7G/gotOVCceNzMTtMAi0EVGYH9IcNJQxxktTfpqG0Xr2dURiTbU3NRfiye42vaauM14I0xfdpqpnfqNwt0NVNJad1If+p4GEXQN62k6nKZflDT6hnxk80241/zxOzFCx+tZQCmurgsaQWsZ1ruc9xuMy4dRRH0GFwz6/eVRYTOssgPoUNjluSvJfBwdo5rtP9TKblHWTx1Dpy4ZuHTtnqzzwHXdey5Ya2FTDQuNsQNrzaIM5qoZn1j/1XjCCi0dUmT905rWKBO4YqZkt3bASksZgOCVOoTkxGwGrhVLFTFzXZ2kXPFLfxd+ngMB8meeIH12pZhpwiSzZvBfyi3FihU4DazXCUANdR+dHYfxRgoEX265K13cQoQUbVsCvTBUp2nGtS5X0UEqp3FcTiMJmdfegU/Lsx5D/bvUnfjnMNJ9mBOh1PT7pbPnTspmAqweYU5pReneK9Slq2IcnIt1UygNP1wtg/pVDr5kmlH4ldX9zoHn8HOW71q6Ca443rPx7wVdeu2p3MoDNC4ALefrQQe36Vn1lTLWa+rJZ5t+yMGcPdBWkLFKQmw500h2a3kKLsqeivds40Hh1yA8LDLxoWAdsE+E5qMl8RE8pbxG14sD65NUn8O4/enD++QSUej9xfssFk0hleHplmzF8IpCVexSO7BzypC1UCO6RKusM07rum5hJclXur8xgSrTOxwnRXLs4WT1jznspcFaiELQ4mVkL+OoLOpB2idScewGIUBbEb9F2H7zIB0OMF5wKoZGSHKjpc8zyWe/BG3XjDnJqzfG6wa3Y2GvPovaDqqKxIjkMrLJd8dxFc+dtL8QR4924bVRvyEvNkXa7q22ZA9Gd8BH7Q9rjj4y7ItExzAJS2JBSXyPiaeafiSiNjYr82bF6ftgfuf8tQ/lMMN+OQVtiRs1ZoO1vFE5XF2hmBU3BLhJ6YZhaO4E3eOGgDNBVv2ZdoNvBTPQxDf+VjA91wh4YwwjmzAPD7ZYscty1US7Wf0uEjnU/wsxzZXSKU3YmNphCHzCssDt1GbSu5thN9JoqwQXsWxe47bqashDRBhP2288skXdMkAiaHomMlzVDPraJxtopPTN2Ljf/aTG0jd/pZoice9qEyUkr/tkS10B9czcaTg5WYn6Isf7y8zt7XvglI+TtjiWzvH4vWp1cDTKqVRnq1jU05tw9ErwZykulTdQlYeyOQtwjhINYbnySP3esVSB9NnnxdNr0WfMPmRKBgsMYSruohj2coYnL5o/Ryi0pdz+htPkjqFEoEfgELCPFXuX3+XtVFsH7u7CVM3HRmwl+9kQF3okn1HTLDlItRsgPb42rfDpg3TS8b9bzAV02zrO0KW1I+jkP4bu4PA9bQSV+D0rw2QW8rxrMGwQAcmoET6BoJssl/Xz9i+9NlIxE5pSsOVEvrXtu5FjHtF4a9pdyljZ4pr7/V3sAEtX2UK90YNQ58/yjrl4CgicjJEiksPLFUBgySWMBbP9alE97riHk37im7H6nRdCorfqWjvQXcYGds7PNcX1DbxzK7HxIQfl49GbmuJVYiwLZ8bNV1GfzfL/IqjGPW36DqWbEJCbmdtqZsYQNF2JscPKNu4IS0TcD+gBQeLERCqn/0RBgGd1L/f1or7KggE/X0n1n2JJm5ThqHJFHKuHJ1iOxrBnUU2XnT8I0TxU2FWDn28Xg6S0sM24+tc34Qho5ymam3LuuOJtnhujUMNKAArcF60z8E2FMYTUsUhFb8ZNJ15syU8oeFb+J7wyo4l/mCZgPxkI5hHzUkIDg1ze861Lb1fkYGV9L/doB/20QBspUd0cXEfKCHgSobp56xY6g/VXQtP19M8useKMaqhf+0TvAGW8wF3sdSCZadBrAuhezfBeREf2fEy3Q8zKvwdvb0qYjqVI1YFh398F1N3Oo9cPEH6ekDVRD6aNpnktA/+9lyTY144CfYUDW42pUeBb88athFnbwBrZ4meFsmP+kN3hZ6g5ECo0vODEbYgAPRp6cktwLIlv0Ygj5EBdN9hMurhZ495nemBjSKu6M5zF8uARo6kT4gA0fBTcteh0ZnWLpKkxR1yWZdMcrv1EYphK3Hy2b8DCxCnhdn5OY/hyiIwm1+55tpmQr8M+R2bsT2DAa/neVfa3nSdUgGXeXtb8z+d/sRIQpcoswFUT1RlCbjbgtsPTFerNFHbf4Ll6Y9rFjv3l7T/teL0Gf0ooExm8pvDtwN7PTGtWnhUTnNdygbiUwz0erG9qNuWHBnD0WSdD369LqtBVz40bU44lRpCj6jK//zQHDtSYPjh5QveUQPPkI6QdXbpkc4s7aRQDbs/6PqHgqqCpjKG7bveqcJsCLIrGzrwIbRANHZqB1JJ4lYWoTt0CrrEttdVUatSEi/OJ0J3Z/CNCj5DLhHBRINHHMogzVF0Ko9qSMuaTIAyTT2XukRRZ4RdHJhuctRDJH20v/joqYRNsWnwC67uj4hgbJaNXtmQslEd6ECBR9NENGZPhlBe9NMjKUHgjRFx522zktoZM2fKJsFHpDmUfXoxwY1QlYkd0VhYr1Anp2NVARVLbg9/ZGmKoGidEFkb1FJd3f1mfe49v4TSPPmal5WDbauNs0RtVCX6NjS+RuH8QVGcqPMeNXlhjwrmQUrYnOjFf/JVRGc9vIZjs7qNgkst8D/T+vHjhdkLeLeWzzvwVm93TxnxOXs/7q0NVSOTJzU/DcUR4ZBRzt8a0ZISBRm6LBxvMpZWL73RMbekjo1WBkzc+GyiTrYyHe7O68eHbxJUX572WnqTuNLF0WEatSQX0otEjCkQjWHi56zcVQlm/tBKZyyk9pqGo+0MVJM4gr9JNeeWapZ31QML0jdBWxNFD/HscbtqgwWrGtVmH82rBW+uPgzXp9dgQjcCq1gt9rUov0Rb0qXnnMZamPmfEY9XbxlfQC1/pZpUE46hwd+yq5VgBr3cGzjP1vV4Cu35WbbpdtznSsMGKwnvlLuOnK5LDv8RQFTZ0eOT+Nx3j3sa+rggQYpH6ORn6lpFzzwOhRMjvyCjtKrTE5gDQsWZsDZEtq0nAjKW1N0i3Rd6bV9IOaWDo0Y59eKzZxfd8tlpOklTchoGTordbgxPoqaCcb2yURiggzWQvz83aXJFq+2BkoTNMS6sgla0ajJSc/P1NqlX0344nBjkITYcrrJTs6AXZUO4uX+1FBjt0y0tkwq5FvCPzbez3UoRwI7G5v08yNTXaBmloisPr8cXFPEhNDcEvvG7GZuASUaHf6SsbwbAZ5ytJCWqLt50gNdSy6CTFck2hFaIMsBNnQibwC79DL919cT6E6hiiyBoDR3IcjAuD1A5u8l+ITwLotyvBY2gOq5vXtkulwJGD1Hz/6uweHvvEJSx2wnypYu8NRLaiugCLjF1WtvAUaH+mYP/M9Hzfr9Z/2UTReHg0rXk5OUdQZAynJ1alU+p9yZMTYt+AtpO0HJEKZT4uWmpYqDo3+dqCFrFEkt2lqQLo27LrNgHS/eC9Tcp35j3YfdIPDeiN0eOm8R651BPiySQHW4sPV7blFvwkHWDxQraOTPi1YDHb7yVwyAm4H8J3wTSHcrHSpOCyGKt6wVFtFhGP6L4MuvM/tcEeIs0H7oBt6LRUHludrFLeXJ61lEp6CVDZlNSUs2nZnm77z8BUBrGotjemWsHhw7HJ1txUXvxXPzqvRcQANssMXW7flJrJlkXS5TLH391v1Eg6buC3+yL3jAJ0U/U8UWpmjSTCzy6bZ1N16mVS6Yk8wFmNVrIDCfenJEOMuNTMUfEtbLjmxmSn+ETvl/EoLfjB5w6QzZbC4o3It2wkz6fyDc0Jowex/pCRqyjkELb5LUKLibe4447Zxp8Ij46M3/uBWTt4/95d4WRl8vCT+7GNi6o2r37BzN06TbqVH9cK4KaNWdOAFedkr5EOSCg2C9DdulIneS2TNkrfvTfv8t9RgzokIzmOayEcZdkQE5G7emMOhDPDi+Q+mwVhYmI+0C/lrxvts9T/svI8JQfWMYk2Hb2GRvcYDKSZdD9rOYJPriBBT7TFmtH+FKCG5fyvkuINo9PoTFH98cmM1PZ3kk0aO3t3ujPZSnGsThnexVYZI3gOExE+hX41d2Zl8lhLSKtuf3zcdbvG6Ned2r7Lmt6qLwdwWm6uS9E5TXWTVfIK5YOdk1uUTwbef1/zg0MTcE3GEQMd+esmdpydvCm+FP38jab1otnQ7NJS8E9xAzs02JBFq3nbq4H7g5O6hysuGaPpRHQjvqacr70m+Ykz6hOeiuB8W5CT9bNaL4p+JXWh7DiXZ00obqvh6VjCBEPpwM0NdDAwxiGe650lBtDyj7vgSo1rokX/m+ZCjlCPcyx45AAe1i0kzozscFeTeEWuYvcTIkAlQcm8IXJnQ51Pz9WPB4ySFqAkzrpZLOcojF9PljCtGACOCfq9N2g9R1k/6XoanqYzEWTfQjb42aJgjVMZkobsgjzIK6gC0kZa4TDnxFZXfbpz5KZnCZGbeWs6pGMYtf0WwSx311BlXUaIS1tlrWSrLjLXH7z/P1+qwLT5n/+fw9gBqudk1NT5tGc0ikx/WtHn26K5/06hRq2qeVCsiOVoBHljgqT31c1R+hnKEKiHvBimBaYcGdpNyuUy/QVo0bjJx2OzNCvWS5pMkKDniLslY1FKAocdc/1qM7ZzgoEUVOGsGCwwMH92KEmNbASlMGNB36L1HfnGzzLs7b6Jh5gtFfQpyPd1+9kb4toLp0Kk8LQ8d+hmrT3wTwlTAZ83ZNxHrQ8jkvGblSB7VyyQ+Qj3E703FU2Dn47xXOUH9v5hWGd9aAWaVp6T7/JkuyTx3YmvpwGDBW1aHZRAWnwPmaDAy931qFKTi8ofE/WGMyiL9aNfmADvDLAbIuH9SCCpg9Smna1avgsERqq+hhRyoAlf3PKO1gryUiENsvCq+l+hRjHUmDt3dsaLylmV/IwfO/Ye420NLPNuUD4aebeg6WEfNPAPprcAoaORwH8RlYzforNzrO+kdDRS2FztfHgT/J6b3lrMn1fh14vs6+DeAxVBFKQ7iZKJyS5t+Txdth2ZmIYP1MARqV3r8VYzkVPAWMQVLdfMmiczep8Bv+qX8scT27n6wwPfSP+THiAhnBU94S0PdGgihUeaOcH2yNWAKbsudnr+r2kmLY7UCj/gfiehDndwgPTpx6s0dTDQDFdllCyXM6THTaXTxyk3QqblMv3oqt63w9lEwkyDRBHQjDxzeMZyPqSTR68c0XRK+jPKnHRpRHeh24qAdNUeV60/MjK3IhiB6q7f9GNr4oUvZ+7JsghlNiIUTeJ8G3/XWZTjXs2V2ZfnYo1G5v/nY526Ls56PBT3A9Av0oJOWIL1Znl3TBAOZrxDwac6RwtYgrZta3edo+x/rfeoTkor4WDj9GxU6uqvssHnaf3XTkILXVUNVpRnrIimNgiIeKs3lXq5MaL97h6Ovxxg6MbikGhETBPJkikYEsp44PZ2d/QOsrVlWylZGH+2VwYH5rIm/YQDrpA89KLK8EIR5bscPPBsdNHrOPZTymJo6JhBWvSqTG7mAxh1ey5pP+8K4EUms5CDM+npSe87YXGwJz93VvGFnPAQM+QpxEeeK2aoEP6Vmu84e539mNRbae5uDLhXepinipnvlRWOrkw1UzazD50R4WLxsaq1nczjruWwZmGpCrN4PqM6h8rqdchT4iJFCRbC8FB28sUaiUp+yA5GAxI9giZTI6KpEqabUyS1nE6sclKfl8eJbZa5Bmr3DhcgvjosOlpTP6q9FuD0FuymWVNs5LjodW1EK5cbO2oRou5Z1+rmi+QFrmZu2Q6ATggs762JgAJ+BJPeeZkvYOFGb6sh2hLB2S4cp1mQ7kYwZL08nzoYWadYMlxGubxJp3MdDxerpFZz+mG6exLlS2J6tBZXBrDOh88HNTlQMb7IyqbAoEAupwmEKlwn8kBh7ewalaoYDb/o4Mxer8RchLx/KnlNKTK3ix1bM4n8US7w6dIlumNqqHu0uqCvOenvnBFT2WXQm4TsuV8eq/1ED25aX8xDk4byDIsvbL1WpCvXGR/nwJrTB9aM6w2GSW/laVradOcY3ffrJvkJLgL4JrYEGJUO+iIiekb35vgc+vgFkjLhHKEL3fyU9Chu3wgUPD+qvzaUzGKKMXnYUqb83OoDoN9CQbvIw02KXXiODxidytTH4TyTQNzJMH77v6RnRrsWxhfBw6qPZATvY+0vbyUEgeDdY3P8+LXKREyARxh3KzhqFlhB+jDitIrbW7zJ/SnATCXekzz/MDu1wwOHuTt4txZmuGF2LeYDsjvNAsewpmKe25N+QzUjKURaYQ5hravcCmxthoAp9EFRohqxD+Sq9v3WdIUymy5Xri1lfmImpilkR9s4PBshdE3OYGglX77qyIsbu9ay+a5ClOCgXjjjEi7urpie0CKIiaB4AsYCQamPN51ZA6FC5cC2rbIYIHVKk/AfB4kaLJv9FJyh+1QaRhjVMw5kXkF+y9PvSLIfpmoerHI0wnhML6AuDl6jZbDyvTq/uFxabM1xSIaKww7HulKOA4XvxbCnkaY7Au7eO48mTrOjsblzbOYnI2Zn5M59P0q7af+d3T4MRsRNjRR94g53bzYIg2sR5ZXZ26kVbuLlOlF5E4Fbly4W8WFPASY3nBYGh8KE9gZsx0XtG2yq04CLJYJJ9oztLNuutNcKHJNyw++pmOEOWK38S2RKCFSn7kC0hYfvrDRcJVzwT5Rb3e2ijnZnLF/8l+OEZHZhWCpW64mKPuG+ycvoHDf5pYVuhcWhQ7lDk0UTIjHaSIlyy5VAm1L0tB2miiJ2L3QUmbZJpECymp5bn0LkNrMHWHqIWU7d8JWmEQVzaFTgKbUcFbFMicFAHifLLbSw7YghQ29KsvsMyfsX0iHQT4B1lV//5D9qP4G8NlbDzLFw6r/Nl0jmv+eNBZghpcG390zOZ7mV25nsYljuk91Gj+Y/vuMXTiBzvGOdZdO2LByK5dAzj0d3pM+Cy7wYYun6tkZTMNBI5PKZRR7E9fS58xZEASYgf/rEQaar/RHLWv4XhZa0ID7o3bbUujdv2uoS18fMuckm8Q1XmK2IBaM3fV4lmtrBC6j1eat3Ekaj9rZlQ+u9moLZfWRPX3ZwcPxYbIWoe8GDGSZ5N0aENLsSnrlk1LI6Fub96an3TieWbEKXai7diwgNrvZucC+/Jn4txbVIHfRJmBB8C15mhm+afUZjRAgPjo7lU1dPWXVFd809wBFCtb1R6Yc2MtIsEXR0psSf99fiPLe6ClX7ZELrFbdrnEEbdI2nLvwZ0nVIRej5suX2+2IrHcGrozBi+348u/KPa8ks8zVIfzmF32JECfODJw/aY90t0tiPv06ldHl45ruytEEyEfkiShvbGMMTyyUTGQd6qf72yQgoS4EcxN4GS8u28BubBonKiQR/n4bNhLWWcD9I8WOhfTpDDOAYpnJO3FF9UolqZ79kRITQWxu5qbjBKGjXVeEvwZNNJ7qb37i1ZLDBDgcyMTEZnZhCTFCBiqMcWRoUKZoDXIRBuCSr3w6IvVRqJ/HeKd6WzBJUydecGgYVvLAgPWWqcemF4OGBBzaOyPrRzRufppTjCszNxuC3mznepG16XZGS9jk0z3vz6VY0i9duVIkOqZMJhMpo3iZT/SVEdpQi61Ii92wpedj5al/Oby89AQiDGMX2I7SW7t8EYTDRATnzWZ5e3tjioNy1M789cvwq7smux+7E3qsN9HTwuklw5t7fcQJFHgpnn2JAmvYCL0wYt7X2BSO/GbQ3WOucPGSZehX4sbDRA9hnPNpxkfcItjRyZrzat78CZa0rjaGjjkygOthWCL0RGkyB5PbqvUA5OgCd2SjXG3vHECALEHd8jzig8AIg9X1+W5AJJSqyptL7owf+7gUlXfKdYb8IN2dT2BfJVv1kVtLIU9LIomYN9XQiyINuQ4aZiDEbZGcru27FcaZcDa5et61DuNbLMq6mSJnoZHZ4IRSgGM11FoPMxsRnVJHDJJLZ4bhvzzv4vyRFDJmlwObx2T4SJx6MXDEZnNBBiftTHmVF70H096hGxOQZk50AApkvRGYV1NUAblq+yxtUHXB/8G4rh5rM71RCaRA6CWigBXtUReo2GwgdSBpvgqcH+LnS0n0GoRldEzOJprmZkdfjraW7E/7PsuXKuP7OUxsAOTUDtyXOBnO1RPirnh+7rr2aGRXZt9YbyrJj24xID7jS9QPDxTzb9qFOXQxFl4rMWXk1EKXANIZykB2Zouf92VHbyReMiV8bkIxI0ykM1d4dnYe1N+GkZnXo5JbrQW9qR1D889CeXY0XmNcAJHjKt3A9w+HpolJDvUXb9jyT7P9GMMcNCyW38J91zPL6iEnHk7nKh77T0LaPlitOPabVvATHqBbanULR3YP13VFJdJRUOCyluQkcZDPJb0Ey4LRjjUDq63p2HF6NtZ6UuWf9VSrq8FcZVB+c45gA3e/iY0u/QJv8bXQ9fmKjKwESl43gJMiGQm4LuhFZGzwR1lemcAgdrstNx4eg3+j25wTdWOEon73WlhyRON7xmi+cZtkvERc7RIZmYHRw9J+yDWmQShYrusUUQj/sn+wMyJJZktR9CoKzM0cFvQB/PQKoAFcAVLkvpAJMdjEC/wAdLRj6OFCnv1qfz8shq5efiKgSqjAuoKZbGRCE8jTIEQqSCQDgrIpTiY5Y+4I2E4Ae0h1+IZvUrTDUfjS+rAC3DsbnNu9uR8X+2IeCya3bMj38/pDhMMAii6DUdrQEKcDuv+OK+LdJkGj4HGh3CqDSKxHHWHThhnWjIm8mURTeE7PSREQd625xntsfmCN5/6EZXcCObnCvfnptbGO/HKPEAPZwAxo/iOngG64OMVatGReko3Lw2nIhjkDiXrwO4hnZwq6PxWiqIBkGbjn5oViloXUaEQ4rM14C0iBm/tTKtCImlwArs+ej7X85WL18V2ewo2WVHIZn6KR/ahfu5yuZAh9lZo6FXALysH1h/9HUqUCV54RV3fBsUwslt1Qg8vqiIdqTVlHx3h5BiZk2NovWhuq+paWdWnMSVtvpkObv9w0qKBWKXi1muWYIXFJ4SDc9tv82PZbPt7uzdr9bZGsFSk/2y/JELHsVvjiJHvIRqWBZ+Wo3tJKqFBUf9szBh1Ldf/JUetVJbw6LxWEQw4rnf1OSQd/IpynAl/t6pbjMKWOVKfPE59iGHQNzl0dLumo8RkMoVrFz3B2iFPtgENIkYz4j+w9U1+ZrGBzt8s62vhxq0zJcvXevYXv3NdZ2yMovFqo+OeoujfYRFgyfVncNUDN5XGzqlO+LziW73iD+wermuMa78sMzDbv/AoeXrhs9A3trBDE6f0toEkiMAQdk8xHurYqGAc9C3Y6QO/x0HWFHv9LJfL4vVFBefZ2zZyfTBQaMJ3H5NMUgpMRs5LDZowXqXsaUToJzZq3SY9qAbGfAUFOjUUYwx4zgiMUWN3EJTTfHtv0Nh8Sr/yPPSjN75BDBd0DgD2k5pVrWeZoFoSb7QTWW8SocCI7KE+C5Bg85B6PhnIQQ4PngCA87B8wdkql857rvgpM6xNWotYm2FGKB09uu/BiM63y56Xvbc+WevptcOYHFyslJvoMvdPWkFTaV8W+bHG5l79bWQe5AfzfDJ49JFZr0WB+Nc7zACFSFy9yJyFpYyME2jyFTLDNuaRorgZSLdmgqJ7tvarq5B+GZwi1Q3arIYUnAeo49L93H+chEx+3y/UGW6wQYrENClWD5/+C2g1ivUdvfxMMViS4Em3KNRd/N8xxMtsnM6PFYwlvFTWei0weTG75cfZJDEBFKKsyFi2Hjr8+lBF75nOnk7BAvh+BKE1M84DvEfm4TH+JGiz+mrFBZJaIMSC0DvIW7Q+AhAH8ANOIEJliNUBYegoXItFNgWofXkNGtz1hzHQYnFOB4JZiGSUYAz3y2mTTO5I5mUkeVKo98Ffeuqy6dzNaOSb5KSlgYmIXzj9VQ0fr8ApZauY+ArCWVPEPPtcgtVvoHDGF26oL0lFAL2XXUmyI+w0T0vFexSmuaIwdf6Mv4xTj/Hos1tlRLw/fS9F8f+BVUsiocloJYIjSJigkkdXmK1LMYkR3MeVzYgDYslisbyJpUjo6s9R4iKcnSNc/1dWnz0X5NQ2IEsLjnSrSoHZi1Sl2mP6n9uE/zRMTMmZbDGE0wZDFHB4IBw2dvVDYBnduqx43pFNr+7TNZycmmHibHNAMWJ21nkFCO0BWP4sXhDXSMkYig2zSsY5OKON54nZnxGdP8rqMEwFPp9KJrM3RhHo//fKc7bQOguSxrtm4EG/JKGjbWbMJYjny6V/Ez8aGCFXddYmPWRYbnxveK0Pw2Z52+6NLH7G2Wg6Gwikb5tufkdmNN0gM/CQyECsIFzB8lMZz8/zb4xthuCLlF8S06g/vInW+YXQBLUu7tutmOvjg1UvS/VoBYoX2QMLvsvC9OPTDwBWOpYg/b4WrC6p0817dxF/IEc93V7UwNS5S0Zdcdegkvz7ZJu0uyiF/yaTrEOZBVe7NJ4+CBp8JPpBj0E+/v4kxdEeQ6Casx4rOgkhZ0OeBpZLWWK65d4Luqe5T4mShP6MCbYCiNyDmkznPd+l9dRCxzo2xbf0qLlHVm51rLJl+fjW2GgD088NiLWF4BiBEcPE5k+G96H+XOaAXiJ1Jbnsd5sZ4eU5sTPtDNEs/dye9GiNhxNtvx/GeaHGcHqGGXVdxHehWstTm6rTj5mbxE8Y2hSHdhXZCF33a+lxT1oxiEDiXhj+LuxBHHLwH5WS90alvHzqeO8bKZZBczmnPr+QevrqgB1B6rN8mLWOAvz1kM22TUHFo3mAn0G0IcTnY50vS7CvohurTDw9vM5RLkHk3BOwEnfJo/qdQ+2N/MPSXBGJx5GdRwTnMoCQDk0W/37s5iMDO7v9nrn1z4xRz5K08f57Gsw68c9423IfJPd9dYzUfQm4850j1wgx3im6w4SDbZuRQp6FnKpjNLd8bj1ItMHfMzYkda62E0wxxmIVR4bUpaBYqg3BCSwP+dskPymwBjAR8sw1Jj8sE+WgAK3FmULNUgra3IrhJqVmkO8V2x5VngIEI38MFp6KNlNGwStZBt7F3S2TRcaRaUydzf2F5+VDZ/2EjVkpiwKsnR0uB+ehiDg/hZs3rPg1Z35ZwLMo2bitqJb+stA5jxcoZZWlLdQmsSE3yXpBFfyJhChC4A8hj/FzaT7IwRL3RfODV5UCYkrDPrW4UrNAYFyLJqn4NJGNAyx5EbAXqT+yzquR02BkcGdUl3pliU2va+dylWJT1RMTdzQwl4B5gdZ14PstnbcFZHlVCHgEG4lwb2Pa4V5S3AjHujnp1lT9qiJ3DXeQwjVYHkNCuxaN2ymciQyFlFMzdgfTkjiZ8dzoCYA7PoZVXWrHlVj9gkS6j0R9eAYDtn/NZBky1YsOSL6Hlz5Xm/7GdWszjffPfCroCFzdeFz4d+N7i8mVpkSHdZpXAHdC/AM6Igl0l6hP9D6+F1Bk7FW/joNLZuhN4ZgiaHyFNVySaGsufPv+0UkQxGqjn01TwK1FflXYvU2/Ic3CXdd7RgGfZHETU3eHppv9f3oISV7bozMsPIJM3a+U7V0b9qePqBQBda3NkYeOuhPMxU5VkUHNWpQLWEcsvEMIWehKDYEkODHaOR75YfwKSFYycJVEhuY3iFFhZfnkJCQIALdVVSazvv88OYs1tAWlBUSpEKim52DtJzmR+fWtWm6aisPleD1hon6ay+WwsjTCiB0QzuOkNtsAFBAobdWSZU0bC0gkkYRBp3ZBEDaQqOJK32HcgTJ13naR4mxM0wJe1iPigexs0Y2NMXGS4TBPZsQSxZER0kRjcpKbzzR1UXBJ162JcwEb5r7gVRWcDyZr55KZNWK/f6ERU4bL6Nk9kaIfXAA1lR1NdGItrgZexRjc6O9e+wvHIn8LaAT+UjCP1fLuVuqBvuIPxP8wh+qvGUwtpf27NorputP0s5foUIBc+4tqgCOUMtfMthNY5WNRHL51kF3OotIXAfwnsoWTlqH/1d0jOTWpP0PTKlG0hHm+0/KVq3lU0wtOoq0pOzHCmqHd/PZ9PFLNDK2JKPQPdlcH4WCZGK4H3CrmE84d9VYoO208aD+8r6clSm07kvOMAcrGvZjFCXcYG9w4xZKfdhyQoF9QRzflBxW0K9qf/AdFeGUsQgsSeokoROjaj3aD06B3+njxt88+PZHtPUSCu8hpt5MlW+KgmkJTcYyZ1I79xI62MuPGU0dn5MwVrB74NZTVur6SYuXrvtSX0Z5zac3h2zQHd6of81QL3ZJTy+36/qLiiV4mo1AlkOXKBefu8PgfueUF1l7vlN1H1mULIx5+9ac2oN4N2xBhRShcSSq12E2ODYgIA1WOpe2UM3nxTpyx863Ayc7ztC+P/HX/p/vS1zXFsPVBwjbtBZaKHLP4f7DvXR7q96LkGoa+DfyYcEOhxk1JnMcyDKnJvIa+piUS1lOJKfVnFNymv3pSXSuTYVVJEsBMV2V/a6376okxv4WeGTaqtM93lve5hKqrjTltrFaXty2XgVfZu8KTG7xbPvI8dbENftycmIHkdrItcBLev79A9qnwWKdliTH+o2sEBD7RbksidDsyn1MUlwkXh3O3nBlkBCQWq6TMfiBWSMGK103g5wKSMK8GgRFFr2JJLBMG5WQtAQ524USaqZoFdQOAVFwzSnrxAdyMSqCa9QoVq1imy/53CIQRSJCnaScG6ugC4fFOdLcIVvOUohy7PBVT63paUj+jScxfbblt+TSKZdZb/7YvMhja7W24pQweyiQfJin6+znZMqaOPLzWpKHffQw69NBhHNQB0Hp6/CHRT0KRU2BMVJvhBLkeKsoAFXJo8KBmNjXdwvKX2kcuaFDNOZqK/3AHy0lyJRE4HnvcHW7HG5O4s+4kXlPu6xnkX4lthI4bFlXvxL0oub6jxFcsvI3Ze/RI5WfpDwMsOHjp6qQstFaVHw/63kotTZqUAHoOITe27pviB8umSTjLJS04YkR8vHXhcoOCcDc2pKgtUK61SS4sS8I/e3h+nzSbuOjjDMXdL/1tNCjosI4/X0HJiFABgUElf5NEAat50WRr3WpTrAqiGYamQgQEs4UwVj5F5qHSWNPmzr8881uvFuxvGyYjtFvEHuyAOI3GpJayqCN1mkRmlYxX8MUc67bUBy1+RAX5ZNIw8fj/oTQIL4TD7/jjKwszI0ap4d9bJiNXRbQ4C8oMIJMkp79d4ZqlU4Bf4TdhzDLr2B2wY++2VRKM+fmFsDpQfY56HUBvGEiO39DO6wNxwljEhNb7pep4LihptYWFBdRxN8E/yXDJbcdDht5zyL4UIwk89HFBWVOzzuqp++p59zek2eXOYhKexq/FOLNSZ2q+/OE6zE6phtyPAdGFfRzQRXktWHzw6Z1EElLIzU9Hik/3v0LA+nGqbCCPTR/fpho9p9rU/7dE+CWBAf5yJmWbbDdd81mgglsPQVbd1BLZQg2GWifiOV4XC8iR2pPBK85C8qMtHk5KtwSDju2/4lYqP/jUvTgTULD/ClEnahnvi8xjoKckoj1Cjqw0/2bmpcTLacDe9Vr+x2tlEowChim1JyKlJsHYuNaDdkmIuSf7d4HMjjb+VYFHAVh/lz91w847Rjghaq+1APbAUFo5nCdbMCbvO/2muE5Ue6ASTG2oSrDDQ20sLjhK2SV1Fv9R449n4GlQyeJQlAgucN7JgCk0FuDUk8fTQcsDM6GKKeibs5wR/uk5SG5AWQst2mB+S6kWw1SdUbStFCi353mUYtwrBrotJOAJ/xF4ui9RNyQ6ec1Rwnej9uohwTb6Yr685pETRmiuBZYzfo1mq0PCmVch+78xjzHfJzx6ya8q/Le2+yNPkFG50BKI+LXiopuDB2HQ+oE6OvPTJeOgSbDcqPLzihMX7GTLLWnPYHp0KEcqCpraNVjczg9ypxCcAonkFeNi4noprE0GGKADdl5qXYfHG1oNEtpvZ/s1KKvJq98wQZWillbqdx0jkRXnivPH0W6Mkr72hQB/2VTLstqdGKeqUUpdq6v89iI7cG+uWNVhjeftSUqD7KE3R8gpSqlSQ+XSypyuKOsCEPxYXBqTybIrVcRglODMUJaMN7fw4V5ZCjCWL6nAqbakH8Rkk4ggYuc7xt33mRYyBit5Qh7qlPMIZ3s3+6EM1l6lBG8Q9i/9sb/pS3Wcq4Gyw2buNXmGViS4aZJru3KcJoR8WXtcOFqZtlwrSHRoM6C2r+4O34WrTPyap2Uphq29o9Ffkmh6XM9AygJu7ARNr5zzzxb9G8uT32dSoU1Tj0uktpF/uFA02QNLtocqE3Q/lPwZPh8WSF0MeWZ0+FstdQA1nlqxYKt0b7kFGspSzEL2503oVi8UprRfpnx7RbRshAdLJamsnapb8WTM4hYR2w0WjGsjwmX6MdzcXfiyFlXmuh5hfWpXfgkP/wJq9oCHmRxzZJ9ruPQrpyGqFIBxFjVSe8zfk/F8QFhN30yWNNnDbfLPNDJL6n+uAWMCwrYZ0CIuH60mhjg3WTl4DQnVGmBIAzP+WZz961/2wjzRdGlJCvSXUglsBO9QwZAmOxfedYb+5e+hzy5YzthZxhF8H0wKTKwkzEPGXLyUFOsCAOq9hRMKme6VVVaoil3oQa+deUcK3WNb8gmQcDpYIl20pzmdaB59KHWEqoncYfWZyUwc4SeWRUuh1Xe60sG7svl5Ld7SYyBZNKBH3/LsKW5qPY6KkISiCFPs9dsesziyBpCBRkUUa+zmFF/tHyHwOGNGKHuRotvVggFoT0uccDiGpeTKAWFOyacfpDV6wSPSObvz7ggI0uy8GIZlRKkYYnPO5EW9yORvaSJadomfuv8za/4CmcMn9tSaZjkI3XUcO1FZTYuildTupNv8WxuYuDncvvW8HwMbroQcx1wAX0YWM/I+mzp2UJnqJmFyXzhBnNIBC3naGWMERuYkxTK5nyfiOtUUmTGU4tX5Jd4jgbD4Y5GGNbwl4cjpEH2eOxW5wQH7JqLBrczMJoHbmwYmbXG36kxQIDnTomgUVWeG5EOEDY2uox8P3bsm7kWww4Sep6MbuaTTLW6zi0dcrqyrzAlbe/sW9J0ud+egFgRDXbcHWbMCd/yUqNzM5s5hsmPxvYnYOQYp3khVsthm7/PicMJmuGPPbi0bEAWkT+qcOT/ZAwM6+nuKH89mo6WmMGXQPqGUSBbFNtkZrm4DKuZls5wQdAHu9JT07fj3AW1SjeGJqOuR+HpOk7EiBex60BQkkVOGxkcVxDJrgFhK+Yf1dLeDIjfripGCHr2tssxmgj4UejM2AR7WdeFlEHkvgBd8I+pbUFtwvxtabrbpBtU1zUimyWNZ6BR0zpTdIhpBlnj3bE61+iZadiw5jr8kHnS/aUZcCgOP1VknBwcJI5aW13OoXyzwwVd1jwhKapRQxbY9rZRQC1wZ3ecwjSfPm2AhYC1bQfeg7PUWLZ3iNVJiN+eHdGnqjlW8CN1K40WrGInVL/nFdiBSxHjAqYGFZyxYhmnPorDncv0ILE2IEFKE13AZZDRJv/yE1LwYx3w/6OnKbGPxQ60mhcsv+c8XANRi95bbZs2W6Sli90jXC37cIrFD30sPHmx7dRf0Bpe6cyCPgOr45sJoaBjroECiOU4BRHVNcrJqbRo3PgPEfNO0iDT4Ga66sV1iG7vNGm+iNztoarWo2XGAzmAZqyS0+gqmEsyCe7aNuXvRZNCFSpu1J3RdazvQf1y0UBWLokmZXf/H68y/kSZSUjIF7yduCa/pk0vh6xTvsggwuJjT3bO/WgRLXNXpNTK98g1r7dUSXFQUWmeT7DQZOHPNOBGhKQ0iuu8+SROrtOLhIKlLUnIHNNLAQC4Mao4gjwV0n7eYmMfJd5QzYxY/kOams1vN+Izy3Xke6WZ/M9cmE7y4P4U/+vBjnYwBYNRQdEKam810+fG6ZB3Lvjt9nwHu3b2vyNrSew/BFz+jKRiCNgA+/+oX1uKsnlDBHomksI6bcOYdgy7qkmTAw5jQPxGHUeqbnSnz36K7ExyFRs7i6iIwv/vhBSHFNYWyxrY8yu/P9bkROoKLZXqYS+otryjWUZ3Qy+I2KSnTVkUBHt7xHuANXdYfXWzfLIwus+f7XTeD18zKhDiK8HXZyaEa00Xi+BOrzOHCRgKgLMOo5gOXNXnjTBW1w2SjK44Px5fQMc9NC3ePM7FmGZ57nSzHjX3/VZEAwXos8Ji87Xa/iqmtZnGRkoFMGuR6q69Zd8T9QgyM99o6y0MGPOlQpYgMyQJrq3kKibOnfVwMx5AMr9vRKExMUWWJGDXF+EWTyXMGq7Gkex+53M4ISZQOm1uTN/dXL15KHeMh0CK0epwANPSm1Skr7XvYDwYZYONtu8B3jx39kjYo5yAAUUgEt0EpgYXdu2o4G38GqJu/Lc00s0OOXPNHSEl+cbnmbiyzCY0ADP3/gSBQTu9AExFua3VJSrnanaCkN0G+JsMcjaLkSRSFAcHJgM13e31ZOD9v/6SONYL2aR0BqMmICt7m/rMAhpjbG3rrahihV0V2o021RrZdHGW4kw7c33vbyqvuJjshWbjgnP6SeDWWrFlqubso5KxLi/0QeIm+ebRnY69DrY1dLiYHWi4L6DeQpiZtOlNGmayO8VcqjFPOEIE0pzKoQHeVCkFsaHl2YRwnZmjAqjLAsxk0zXQpqoN6nqNiGBpvzsir+g8RFacxqUBUI9Xz1Wh2WcCA7nu+bzs1PkqBVfWFwBQ6bZxgbwwUVVoaHSCEE/lmZvmjoA4ddUSBw2xsq3N6q2GMo7xXAIyspTnl3B0l3tvDXtDXXVt8+1MPIdy0bUirc21FHo0inhCDoWsTNyfpSdv/5Un5JhtCM4zYLkhAINN1TeI3JrKPbrBtXgWFgchdQLhhld8wJJjGiwbs+RdCzUFjVLgG1jCXZO4KYRpdGopdSuw0Ge62YZ22s2BqvgCWiMDX2bsI4C1hqZzpnJxya5VR1+CEpxjiOc7HHIUq03E37fLDnA3c/LJ9JTB/p/8y+j6TQ8ekHho0bBPOcQvvipcJDiBpm+lasxJO7OlEiw18Jp/ZACkLTLgvaHMw78H9LFRoDF/7lEzxw3BtS+P9+a129JoEY19GM5cmPtByFECPSaVG/AP1OjxaMNSYtYoyw1N4ArEh/AnIVzy4ltC1ag+Mxn26rzhxS4BGfy7vb2GJZetuRTw1ZgGXeuHlRXNv9Sa82lbRRHwStfoLACpegeglS38MH7r5Sl6jce8tC/6syF6quzJeUpV0LgkHw+r6OyzICoTELvItXxtEHAqtjKqod2xavaf+rwCTKNkZiMkrNo1Eg8XqPxNTRkr/ktkhLyvgFcrjzYKCkalYUNQrtIn6Dm9A8LGFLaYx6e3mM+t8lj6K1C2W2dz1Yhcs4EDEjXWHeKlHt5/5n/Js21lm1YODI85VwK/kgCQOIXhqkn0ZpNUd2/eOmP4LPfT/Hdft528tSE8JF6umjIdk/e4HlYTXuWHJ74S8MYtxMhTXnz/R2ooMgC8/YRgTx90dzCGuFI0+ldZaHo3szhhZGsXoNCchdGYFE73TDHsb+swafTCHCFgK8Qo56BvKfC6A00+1tYBzD2kvJ0jltVJRV2+APs5WWLBUKlQHMory8dk13YNRgapdnIa4vaUtGHhkL6jTYcmlPWeoTznkYSko/LSwJxoBPeS77iCFTRKpg/a12NBkAcimQy9aFbuJyRorpWzXqHH4wkxLFdRhn0GDYtsi5vnUvBiB9M+CU+6R7fYZ+Y8y6/UGlCKSu1ZlwvsscXF5CKKmWsAnmT2hFsvl/JtXdPeZDqFB5kMK3GTwMeWyKzvzH5cKs8Nw1gfFzF3+mCNd5LirnyJkHB0lG+8IgIuaaDACqxzP7rGTwZ6aF0XF1QcjO2prtJ7AgSj7cK0b04idhoG3ghqIb9xBqY/ZmzCtxlBtsZ7tSusRO4I8bqvEPEZsNRkWQTBoNhWSCP9U508Y1RjK1jEsVuMOkcmBVU49+1dslM61KJ3s19VJXuax5ONvzr9yv9FumofC0lX+qJHYWTOGSTAzXTzZnjtiYuOkq8Z73qGknNj0MODJiGOroDh/U61kAGd5Mnt84UhooD4iLoIvlGB5vPtK0bozgZBG4oKbf/2MK0LNkg+dW7L7BU06M3ZZYgfwkxpPd569wtQiDn+mhO5N7rBycuK+JqL8AesoAvwjGPRYrKODLfAMsBudV+rb6PRcchph05Xh2tLza0RiONNCLh+nxPRRFfdR0kqE1f8wBogH434pYS0B7Rmmw5YEp1jDNBAcBSU6p1NVNiwZ72dE7tXXgfIvODHN85Y+EX7jcHlQsHK6WvIZP8nUeb6LRgoHB0BBVswXC4wanqJGBEe03OIt9+Uha/68M3DC16DSj+c3W+f8ydI7AGnYvqSNP9SptjQCOJNg7OhcAE8x/Dj3yGQXLiErytpljKNRfp0T23FX4Sx3R0o6noVcu85pPEGno1xxHf89iN0ExcsodqaN0Zj7HkW9CL7Qp5eKDFdehR4/E357SOtfq6EpBFwXeQzQQt8D/Dz2D++koWp7ZO74pdXoTOfEyRLwkTAO7q2IJCmKTl82EXQf1tKoRR9Chq347jZlusrG7p306Qu4XaMKwWwcU8IVUhl1SCYmmsW2W+EaW9eNrm/1C0Kx7+sD2lvVwL81V6aNg6V82TjIevHmtxA8jfRS0pKcW7kNz65xsiGm23QvR5oMYS/EjZIKX840t42HYhGdFrMZE1AtW5j59L1YI9FP6CWcLuyRmGdw+mOkKDRhpRh2cr0Gso2o3oBx475qNtQmruyehnvvWHjF8zilSv/SbrJI8rtD+g2QgeMIWQ2HXe6Z9PySuNJ/+1W3dgxFSf2sQ1acVbuloSHXXCmwgRYoGBrTr6QDNxJsTYA+KDtsAKpCIjJf0+YHGrwmnC50yDbkiSgVrfq1ZBKzXdPA2+eKWSkkGoZYddmIJocOxkGEdcZRFgRmpPSszrjxtlC2kFywRYzh265AKdTV8OzGCcWcMQiMCn3b/au/0O3fuhCRdkMeRF0UJEUR7v2h4wAc7pJ/MCKjiZSJn26sp8vM7DWDldjCa4YEvwxTzTNog52GhOUbtx4mnazYAwGdd+6qo9IpIsOJcKjSrXaY4M3+RFbj6sKDUzaBtcohJ9fWcEgytI7A1JFE6Yk3D6iqQ0yE0U3ucnu1fMPFNDWmzdGV3LLynNwcauiIDPPF3je1lyZlDqyM5PckTfUhY82B6HJArJz5254Hn+UyaqIbqKzfRfIubgIT7dW6MwXK+XLfN3t6WJXB0g/kGLYz+5HLMFxy4/L7X+JBfW8WY/HZGcGI7NbDfh3MPyuoyn/FIdujcodARjRZYUsZBqrXb4k/nd0fBlJUFeN9o/T/o1POyQLE0i52KwHvUOaX8zNhGiqMnSR6A7D4baW0h3buBggU1VH/bDMWi4zJJ9IETqVA8MvWza5I+n/OMxRfKi28wzWh+xqTFc7PorsZ1S9wbq6m2bvtuuBuHxk6hz6cnBx54H3eb7+h52n9jIt0Mf0RuVB8jeeB4h1cReaBoG1HRLP5wxBEGQ60lG12e9p+XlhnmcgiT6jJ12WViwTM3NzUpmgTggMR7Z66ZJBLdY8sEu2IY5f1spedruq1RNSI1Pe48IlE/PNc00pJ0f+fr9oHUCeH6G6iCg4DETJZUU4BmKe81rEMqE2pQ0DnwaK7uLSY3VU9bV35tTxbhFiKin5hffKj5yPlVqulFp3IdssMyOVzqpbm3Ua4K9K91ncK4aq8dgxF9/Qixg9DboPykfuo2vB2RYzoDTohCucOJL71cMxq9xskkipOHdyGedWvgF3XjpcLrH8HZFp/BkSRaBAvo+5qH9rSkr/gbSQ1jrROqKd/4R8aQkS2ypsRMwfla8NEMinU3FFkj4APmhqrIIhgaM3wrIxTU/jKiQgB8mshMeH8FkE3BIpzLLiciduJH9rsxZdt7tjuB0oFnOL8TLCENbMHlVjJxX3hVsScf1jHU85KDVCKL9kc8NUY/ujLDwoE6apTrUlqwMm2K+moxjFGejIHDHhU7Ytsnxdi/Y3ez7mvmJxhJi82sNUnDdSPw7W/2AL7ikkFcsVQDobtP2QRAh/isRH40bKHPnYeQ+Jxark1lghuhJSPNHVJAIaSOZxllYr2AfiA7RwJKifzkrv1Fj79wYheI/ztr5ahEHlr41+32JcgW/mhb9lJxOQpvK7Qh1XBQWgmcOuA/OTdp5pQJY4Q3671bQ6OyW1gY7wGGUXGxjTGdaooApPDjmdz/yHP+h+AMV6Zf4kG5qhzyimigoKAv1uFKjiNZrO/+a/ozEH+lPDDurRJZlml04nzrA0w+0toJ9L4a4Qiw9OqpKL5KrpBp19hw+O3v8TjIbZVbYGooh2C3Wxl2Tt+j3FjXwQNxzAe5Rk9hat+njHAFuAjQVO5SWXM+iDF4paKDR/IFOTHurfKLqer47kAbltmbAZoYZry9gfpu42gPG2vKfYR02F9MN4Rmpuu98JC21+iGLJK6xQfhFSqklUR61FAEC6aSwyS7ezr6HRMkWSJA0bwWfxoS72M+m7ucbXuP/J460uIGJVt9S+8KIaJttkPe3tK6UoxPPLAR+W2J7gvvc6F9JEzd03wtAJG+AgMyYpx1kY3lcV9RymLofBfD33EhOpWDzvj1S0YM+j8kSPXCpMIYR1ZFWfcxwk8VnwJYS1lEQhCBSamEDdK0V8CpcS4M6Vfe85TIT9GturMb7m1wjF6T2P4jvm3PjFmC4L/NyrOOgEa5qrEz5TWPz5tnfdVRCO22PEfXg/K/HGyUeVF2wmB2zZlJeRhxPBprMT0mb74OqcN53F5C88B8u53mIfLZYuC7fxN3XLUChBOcvkVfaAbryHkhGzUz988Zl6wsEaNGyj6Q499jeNbiVrCmmiQplwGruTOtZlLEveLQJAlomkdArKtQbozbK25HBN0LOTAwt5tGoTyqs+Eu+FVsZsClWs7rhjImvswNglH9zG9kjB42SpdJmC6BE335Y6NLkHEgvPPyUt+/USEk/uFsTLSVmCO6n1N6BpJbqcmURACc4A19xb+1ACn9HtX5CN5FMqUheYQrl6pdRN45WHnE3O3UNZo6eApDoLZj9h4NUl5kmY0vubwFoaWZcUf7o2imsVMiygzTs9IuLMiymgykElf4tnnGkkVm1Qk/4eHQFRsRRASbmyKBr3gpdCUC68Y8IpZJ1FeXb7QQuQIYYpL8UfeHPgYVcHS9cXRy3pqnISRsgcHyZd3WNgK9zg+3u7lDC8jIZ679vA+8VPUe2zor7PaNTJ9kF/x/PQNHisJkWQMsUErgK9HWTyT8+UycsMJSYBiCZJ1nqfu19V6jxhXgKc4LhjY9wn9SEVjMycIEnagfw165P5dCigx9E+q0eYIPkbV+WN7AoqLJNFKKnRUCbMtK8WMMleFYahXDywkmCK65tQLEnVvLfCYugH4w24h2QTc0VAwvGk8McxIZpmwykCRDYJPdrZGLjl4wRlIEwpOx++wQU+eGzplvWe3Xwl59AeU+7BcgA/kIDNI2owJA+oBFsNs6EusPd6fOTo8/cfPXnMeLw6gmB7P8XoqV2kO6UHIMJ2v4BlmaiZ0iSXLAwst8bYHAE/XZTmrxN7XN8F757L/C1tUhrRm1KhPgtnW4xygefmyAzJSdSov+Q1kYbj+qj1pf06DLuuoq9D1rjwhd7tnBqNYcEychhMRAhNQWmDDN+AItn4wZ81G71MJOaer5We0xvZivpNYPTckW5XGAQkHLeJr7OWsAH0qBc1t2TjSCppa/T2KAQKeMWOY0cJyWA0megsA93de8AiX1va/S0hz1YYN6ltKGaNFy7ZMtv5UlylZzM5rUgNQo5ItWDzacwv/9zXIP8mCiCqDJJctbtR/fLI4IBPiCeYdy+op80q67HbpkVF/fZRr0LncyMxlqn9I5RGCSLBrLTQQiKextpmt6GGTZegdZNBeoFVmiN0rj0GtEjzYJVg4aYYnXcKX6LhZYrjrmGjBpeaCAWvuZjwS9yGrRqtO9hm34Mqshga4mN5O27D+NeHEHKncibo8qWbkDSfzvK08MT2uiabq3kqkpRP/2vZgv25EjSK9wPpGbZSy+aN4G8eACRZ5aCzhFNLddKRqWwqrRI6LtaDI8kYz/MXxnrngf1Z/8YGZMf2jr09YDRKw2NgcbXFzWiAUXeNRaqlYQgKHfIbfGjKQYbFFLpYgQL47FETIEV0+8ALGEZt47nJW15K42m72oXWlnnAXIpTWbR/1ab5O/TpJ834WZ98YhGkumbNMZnySOUfHvnZDxi5+mk0U+WAnKTQQx3KgoJtFNm2BURfbl9twJ/30OWTduuzIRleUIe4zTvwSSzB+7zSXdC0rJ69IIUSHOzvSVSZETfK3x183NCmHfzzhjhKMUI9CY1jVHgqghglUaDIMUJxV63BujDNDyJlc7yVzpO1ZhYoMSQJNrbCSDj6q51zLzfil0Y/WNYHGWwSXQ2iPjC5J8CpxgVXs0Gh3ldau78K7MKlla2r7w+hoRyyYG/+WI0I7GKFra4r9TethJMFKouML6Npbz5MvddaHkh416JyBGbwVXksqEv+Ib8JrLXQ9HZrNbeqgPK2j6AtbEHEojyd3B+F7IebVFqgBDp7jK+3VhGd91UZeDELob46LOHYgLfWFiuEHGWz8fXAua/dOrnRdDeWD64p0894lHdqvWbqp3JDPk6IqPkE+OH2h3VvVyMZQowJdy2RAJRnZRN5cD5Z1pplxac4f9Z0qUSzI4Pr0PUoDUYeyy/W7ET6HcThSOVDQ6NdHFLTRBSoDldQiv/0AukwrHUj5JEH58DKtqceP+j8u/vp0t3WKry+XPrWC1a7McgvzydiUNL3mZ2tqFiXJ8LsBBdTNqN/FedoqSVWsH8M0kJLynx5QpngY3NYru2p/oHvNoWxkUttzC4avp6TTH0g5Kj/+yCDvUkx2ZqgPz0rUyhiag8zo5IEbi345kQlAV/+Mds68EmgmaNV0GIsCub2B/kGcdwvhkpbxkutvzmmMWv1UHMR0sBmOlOvF/crpGTRkvFah88pYzDuNPyINbko9E2819t40WWIptBmBkJHLAYcUnOqhHlaH30xp1rxuCpMR4VtomujXKJJE9jIZClki0WK+fADLmGrWTQ11TxYwlfhjJDnZAUcuUQ46aJFmA/eagIHAQQh/OJDeQIu1GnqLpCHBtWA8QUowGS7ilTcn/l/okcz7MnAvGHeWutg2Xu8tTg2La8viJh2amyX5g0UqNa/AW+BuALufgFs7OtvmojaY7NbIQG3d5IfELXechzlsCp3nVpxDDfeLbcUwIqvi1R0cMPwhfPHK9YB4+OvtgwwmnmV3JUvOqvK6RKNa+HENlj6NVy44Y/6lqjwvx3ffM2c8TPZWLcvCEqiV6E92BW02NPbS/OOMGU9uY43k5tETR2fGOh56+iiuSAnPfyCoQECa6HWVAbux28vfUyhnfWneMRJfFkn6yTxjL/2O1Anq72fa4QlcAeUh+g5UCsXXF4uO7SstzyZjmFHr/4oG8Qrert2RwNW2BiCowYKdfdD9zclvngdvvh/fU3j+L1hvFg2+KKuwfySSG2RVNFP7rAU9JxJD6Wr+J3/+QLW0aSp2uo7EXyWAUgIL/f7YAbQuqaFfAzu6U0Q0WaPexcD8u6wLIM6DFWgZAHHukU/J3iLSBCBkbMPPyOHrvjoHkfXNkugQWGE+oHlJ/v1wJOtg4mOAgtv6VDGEl05fXpzMVDmhDn9s7G/wr4EIy2AacBqwuxPyw5CLg6ePDBS5OOvHNKoppG+sUBaCiN38GlZUhb73KmzIe7f18d9qnmPfp4IPUnu25ilNtm5CXxoZpMDDGqqlclR1lsQCZZhEwDtcROwq6znMbzGj33kesm1ZVcfM2bTez3kjn3Fh+SwVQ6fkbe8RJHwgQpuiqX/R4H0iWtdnWBAn6yZjIp2583lSrw67MlHQvnWvcDszA2MS7JfY54t8Y8VtCRkbPCn6umL775RZjTcVqZqFAFuhAGIXz3OtjlBVDwjfXooM1y+x4vV3z9izgbcimSIUGSzaL7KsLgjqO9EKRQ4khTGBgSAHbzF5r5wCY5SzRhg/JDVH6amscOMXiDabrpmjjOjd8xOfnnqntFMZQ34njw8H2xpFBNdjwUIdVyrjnJ+0worC1QcVMeFCbqvKg5hfzWCBJISRVlLOmOiwqA7klz8FrRY8lzrMZOd3nyXQJHs9E41kX5VCaUjNI7OJ5mxZYzbKhunr9w3d1o/nrpvyjIeglrz0i72NccP19ZwgowH0u7aV6Rzj8pO2dueRUSg6RVNnuozCmrxpuORsUSUJOcmkc2Hp/+3m4bikfBAaPicWz1TrbGaqab02jUJen1e0aEdD6KHV5MtYsfZsSr67cT0wdv5KkHF9FUZBQzO79v7VugpYwo+7uEEb4q2Ml+3e96ueAIxkafphOzKZZJJLGK9h2p4vhCN2LhBOWs/3uHNsVf9GeLGNnkS4Zivz3I3KlyjMrfjN4slDzskVp4nE7dfRqcyYWKIBE6cmRHUbj5xIyaIP7qKrn/HtDgLOgbidAmNhhRNXuOy2ZFVBs8G3n2SdA/Ib/TscSrctritwmSFe5Rp8hXeD81NIuBCt43r0pkka2oofEwtrL6VBsLPn6dpZ0JXeyk8QDRD7b3P5uevTx4S6CQenD6KsI+ThOEtTaFxaxwtWItZtp8kA7kYy0b88T6PybZoA3Lz5tIQzeb8ShzuTPxChofd+2soGPZMC1zlVXg/OrtureiXN53ILBo4lhlaw1zDNEu9OoY7SidcmeOuJS7emHvTRc9rxrHazz57Gx5MPqj4f7u3J3e4jw4PRU05sZ/tlBeoi2XKtaHV0HASTii4hHrxmURh94eRGnRNX3TpTBBPY4lCnBkCdeb3IaLj2fccY/vDyuTffvQyNWED76w0yr+XrNdZlRDSA2yfHEOwRKiLfEB+aM1fMl8vxjKKiG+H3NdDGLba9Hou+CJamsPJsbe4FaC0IM0vN0aSrvEpZ7PGhO6VjqFQN74tFVCfKTUb4pYbSBsQnMtXbifot29SYH0yNyR3x5pxlehQI8LXggJmfm/pjYUCMWlNhqYAVApscgsbP0MBo49tsfrUFaKXVe8wixhmMFYji2957SYoofdR3d3LIG/AB8I8WP7GZp+CzsLAa6rqDdgFtLwhY65aRD85GzfjT53duBSFUWRnPDh+pLmGoT4v1/EDnw3kykc0AYflbnCV4O+4EhzhC8KYfSbAJnYrAxHOWnkREXU5GW4JNMhSafIrYf4YsLJqnoXlwBIu5b/DpCMu7wPourLCE078a0sZxL1g96Mj6kYNd5v9qDd2+ROdPLOcUi6FmfpJ1vd26OWEZ4mSjqYugncIVFry9RKyvtzdJ3axAJ5q9VqVaYJ6xTxKTbdiLcJgqIPjq4nK+aJ8ltw0JpeEibuLYU9kWj+Fwa64Le6qgzfoyitmd9QkBNaoQedCPm5qqJyBtLJFmfR9JhZ7MpjQDx+of6QR1MEIN3jqSODIdlJK9uknoxLBNJHe2MLOAsymD54+6Preh04bE1jBs4CxR4umAFaFxuFaY7hxNU6gLLzSEGhl5kd7U5s5zr1ZzAXicSUyPYQ0aHJgrOrdd6By4RZM12Ah6G8tlo/X7Tf3XUe3in3J+iBv9PTVYvc8j3bpjR8Wbk/FK4GwA6xN+4JRuvXDbL+CMs9YeJsYRFRv1rkn52IXSnaLtm6OAyaodGo8jeUXlesR6H+9bISxjcC5VRG9XN7ICWUuc664hmnFtH813Opkd4NGoYcZPVhxIe0BNiewjfZyQNFfhVWN9skenNSIcDHWjOtEWrDCrme1ts3usqh0vbwewWhk4+Pu0cX8q5rBEKX/Ar/0dfCGLlHC3Gxa9nZSrDAzPKFxD7Ui0COSofaXX+Qg9CmkhdBXOnFUBXi+eLsYWlXRMWTxkE5Zz7l1akIKuPmIh7tMEljD+nVgDcO+4/8aLQxxwW6qip5R7h+FkEr+F3ARdi1PvkhIBidClhEItYW1BXhqKUcXCxJ2Xb3ysnuJu11DW8It3TSXz4YUHE39r8Ql3PMdtB/L2cHaB4VLoK4co6ENf8BAIXDvsLHygqIz1PMxT5N8dwUpDK1AC+KK6Gt5wiqF2TIQHoc4E1WUnp/Ui0ZDSuAavSBE7dDLhvJzFALOdhb+wkfePCUwIocBkrNP91Mz9RYvsV6yPQZob2ZlxANNEziU86ecCMlaowohWhAOD5SeSc+FaYlmqaQOLy8+eLOGzIbuyRqVCmJlGj5KxziIeFoVnZTsTcKnPJVc+jOsJYy4FebzzAzeV29+sTWlwzxfoyCR5foHCQ/m+7CZnuKWwTQqqsONA9RAMAvE4hxKOwOqHB5Gipxo68UwtlMgjbNwlZqvKVNwNOEe8mzdFoDYuHbCDN6xUb6jsYB3sP33I7qECAaAZ/BHp20ZNol4Uczk28ooAVVVYHmIJoIW+ThkRI3tzUFwuv/5dq3cLCMhCLESK4ItlPpVkYLhEK7GlBxH+ovHnTJE076bKOIxTGMqMEQSxIm6mlK4SUgCXzVZw921ZLhJPAobuxDTL7HxkZkxOvvTUDmWzPq6pywWGX4NiTvh5mnTg6vypI+A2FchnsIAhBIjD7A4Nz5hez9REFEj0RF1X7aeNspp+cWQq4utvLotnIL7//22N1ETzRAHgonvzZlVTBl/eR9bKBN4CLtpPpdauw8f+Z7/u4FoG9Pd4Dx0lB2lz64jhVQAa/lIGAFeFdi2miEZX1pucBGhd6tCF9vryBCKUqTUzI9gum6SScGXqLnEcUQXX3o6Hx+DUKa4fFBh3hf5xRuKHdmIJIzQ9l73ZZPQ+BduDcPy49Z1GlTKnLeiZkjTi7lFowB/6/Xdc2Kgn5ttjWmbOMeiFb3DNPDp+pwlSXDsEPpjMIQx5hpdtruCB7dWsaenNxmyPzofVtdZFFqxhKm8Tv7kGMBFlebi5utZw6OEGyUK1JQYulxWz/dAD6Q6u926pWuyrqc3DriXVQ+eOjeK4gw1X19w7HpBrO6IhhrBT6gaTlFoiBorB5NCt6l1HWMGNV42kayo7wUl/WoiwWRq4H0pvPxX6oKyrUmm+xv6mmkz1pvYjb3TUDNNs150k7/2UuCZDlciQFxQ0ueetv8YAxOSaMNlj7T4+iLVl6pQcgqsnGDqc1L8ItYbRamCjECnicXdJfjzvt+EIRJ5+hrpJXcGjvID8K0MuB3kMH88ZNyqTtTlGz/9I9dv8QjWYCOCQsnnnYSWLoj2UbXEQLZTHqHGOyb6dKXwZII/Gy6yYl6nTpfAXYCUHkIxccx1Jw/k9RqhbBTgzteOCoqHBENfX1yXrIQDN1OYjTXLzA+wxShcqqisXiYYgcqv0XpAjhkUjoXBjxtsYspSgkCOUunIrXejPcCWDNDu8HlVZNaYh4jEqhHDR1YTxrSmnaxn+lXb6JY42wwNQ2e7g0GQJJVnw591chD/Qn71KqwDQjODYux+UF8+gEy5icF54mg/aGkWwBawuwBEz588c3rtbmIscXbTSlEB0JlKS9l8oEIfSBD5SlNUyDlMuIWJtuDZKJqoB0Tr0EwcVpwePdQEQnPj7w1K4pGqU97MGH60M7bKQAayW7XH+ffe5PV1C2SqYKeivE3Gzzf2yZDYpYEQe/tLNFYalN6t7iQNBRxezpSFI39SiJQouFiLF1hTtOE7eWRSFli0vhivZh9IQs9frdMNlwi9LHBo1kkXE4l3z2dt20lthBH7r4Yv6H30HvaRtpl4Y0brO8dthUlZZS1vdQ/ap8Ky+6fDEKikfD2byVKf+UPwjdjpWQv2GJYyR4MmWpWRHUGlcoRa6aCTBGw42BwGUVAE5f04ke2uOLPfWr3qHd6EGd33ixI6YlMTSENQRze1pf05gsMhYwjzGqa9mklhOqWI1TAdGcUdHtApeezoBtiUMdXtoo4+HtUPVem3QczDwCGAKI8PJBKT4cGcArgIIRr8K63j3e7xKWU53QE1hhA+H+BrfbvF+qdFtFegEUjjs/YZV7CnZPpJKgLSh6ovwXsRG96qQlMePUcSjxwtO/V0ygpjkgi9cKDZuQOMOBEIiVcb7m2pPxeRpVbsvXsd9wZY4M2O4OOV3uBfnXp1fawUXOHHPYEQTYD0eS2VNwLRUC0UhtKYLS1a/ZsntklepHRmkcqiAQyo0/3/R44tFnxau7ip4FLzzmq4wwPxLBP6CTWoIHwqmGxRkyI6QA6M7PWiAC0c9pKffMBlrBvWabPmnRFicAuB143kmMBc6JE99jOTFDw7nEtDBO89AXaY5aJi9WZqtBYIbBxN2lJ4y1uhA3PdcLOdLgDwqt3OU/oKWi6VICBBoZhfMf/TXDQg+McxTNOfm7m24r75V7n9mz+2X/5bX86jwsxSoOgDRLXX0C5pX1ecy3RRSDHvkLAG2vpGceqGJh0MleN9EQjHFfT8yTmC9/v5ckQwahGTjIzKWSekGvS1pCOeibxLXltcHQWCYSI5tfxT53deBl/1J4cHtTxiTIOSI+Ngt+OG5NvmaEqJjvmWf0JNO5LIAdXQ80Vrrszu0pdaZ5AgdH3Rv0Ms5jPXPuRc5o+IVQb3gR8UnFWyo58WVRsK5M5TcYpyDD8wlj5eWvX4HF2Yl2PVT16AWnixmnTC19M2ZdbtA3jEMz0BTUwQowdXfN/uo6feRgKGSFnXriW5hc7tWhr+TWQSa2j6/uSaUl9F7vrIeiQMhJk4xVcwKqY3fGA3RzxvWvMNaENJZBfDANPbI2G49lkdHKGF5VpEuJ8H1oeIS9qI9smkm4bG3MH7TizcV3QAwUWFtSHCoVKN9ZHQlDW/Zf7e1kv2C1s1xEX3p8sLnt8tFFM1RrafrBy7jumxwWknMS3YaxB4tWs8ACSh/SIH4eb7Srfykq6m/3GYQyFRpsYDuZ5lq4vLLeNXVZy4djGCPlZlokuNuAfGQTcYhFU+oZB1QtUju6Zn89xFrMCiGGt5Kx2wVlBaFGjt0B/GqkoCiV+VkuQVV+g+dGzZsOHZUtzcUy9VUtLDduPQNzRtJGw+p4AmElkdBDxv+dKTiUAexgbTN3YzbGc1UzM/+KMm2QS+74D6AVG13Wy8BorU60z9bKoLD/kh71fn0h7zgmT/jBqPtq5s0m56uNerx2cmaqFTnU8XFRcJV/LXPD8itqDmKIio350ZHRaVhGhNX7puEfgq6Sd7bYcbKI1SlBUBNX3i8GbjTOgJ8qtDXSPEu1nWjMDDYyJqzC2yRACZvHJHz2EGjPSG7pIXsdeT4jkrD43VYhPuWXJK9AGAJlqGu+ir418eutdAquxWTIpWAJCMddFwKkutMtrptChSAcBdt1jYlt/9Tf93Zj2clo2S98tDEuduq8veEsTm05j0AkXS7Cf7BN+whQSDJ0M1w1EChaz77tfQ/xsr8pzZLErc84SjiQFUIJkC/LmNB7Ef++Aaarp0EyYDM0hIsh7XviEmIfnoqyGB7J6TK0MEAydcM9JqKJpGhwetWpUI1YK2oVAbDzPuaorUaVC/CZXMrK55K6SjJ57TINSwN0bU5VIJoohXEnqcCd4DB3txHcUs4iTYjEBbHmtRhs7bdfG+8ZOB0gkEQs7btog5fElxOWgcOQM2ISP6hIQWEjhU8yPY4cAR+uGjsLF41ZSQVmb2ktaOTWyFp1V+f4+CYSbpwxYoqOs8IbOTdxeB0rsGZ7MTLxvhj44JDoNBv/ip4GIHoXbU9+8HIj6M2a5zPAZRKifzlBQiyqDoc2REjfG9qAbnFvP4JRoQiVvHad9fCoQd8h+YdBI9I8hYFpAL2xf13rIyxx4lQzqvQI0m3CfCqSxYO9xJJiw/HOD20xx2K2QF218IS/ouYvvXWhWf5kHRkkGGRNYI8qIUK4lCHnCrxntt6CbPVhnCI3T2FDqIInuJobGiXPh25RM8mKqX6iVym0mRlr61vws8WQ2ZTDu2uQQ4Z4LGwBA2SIABN+cIg0+4PTWStqQ96I9q7xB1KkFpD679XIXbIZjaN7gRuj8HuZrC4MRuAE8yyWeNSST26aP7Ntdgnr9YRi8cq0YdmBmMwmSmiqhuEtuDMoTNvg49eoGSMkguA/7GQZKMQ+TY+BstAx/VHpLIuyxdLLqF+CMeiYcF++7nCTSZXM6O2v7zbfnvMF9PK7GDYG0kIbTetE1nA45Ti80OSPJEOEpk0Ppflu1ScrZcIrDDoj6DWIK87M0IaoUu/NgRFFuM2fCO9QUdqL5UyhZC5tfCJC+Wdugt/w+jfJPCgQAkHXL5yymYE198HAGn+5uzuXC+iYKhXuW15fKH9FA+5GePeo98klMHD04squx7N4rq0o2HupMCFoBkZ6dl7Y//o8j9upP7ZgXXpCIAdYsM2y7x0HiUBHQjBCxSnugXfZEvwhQX/pmMSD+KV35N2j8oyob8OxHbvtlmGceklPg9Kj/YRs/SFJEO+tOiS1G0fAKx4xyfsf+Cqta/4Ce0xC2M7zfGyw6Q8rfcliWTfWZKtt5EI2GIFDNhKb6+KhCzv1Ak2gMNVQJxs+NV3EYf7w2T0NSnR8Xgxm4I5bNWrrnfOvGpJ1ldZcioL74iK/0qqJl9UqQ97rDxSVBsdnQ+4Jxu9OQlbJg8Fhlm7NoT/81dflj+ATC8TBpz3LMTRJey1LiY17KieHfIgwA/1+jrtUnG+z6q9Fo3wqYRq5bJ/EXMKoqpksWh/gexTHHaXzSzDPCKaX/MBMR9g+ral0tXzcwbd9MY/j2TFVl5nLlw4Ewjibid3sMcuZ2eNW1z1kJM+jpRmlzmQJ1de6IDzeBBMiSdBr9LMR7vuhRs2aljrTjjLKTrHW1wODIKY+ZMUw/hkMUbsEvB5dbcAoxq8Sts8DBdN2KtMHpoXI52z1AfZjaugHN+4ORRCut4MVXkZrAg8+ytrGGU5dUy1i6BXxAHk0vVEwWfDZW+jOB7lkE2zJS7204Ohr5bypu6uZ4zLRezzWmQc60dnaJgH6+PcrT6PfRpV38mnEWStR7PcsFSWCz+lSvnKPAS6VmasfnBSDwEakBoTLCDcLlILxwKO+5NYLB2dP3P2s14ROXH6R4cQauMu6c15taxsiFS817KlOE/OzCc/B46zVrG2wR4WLXUYyTw5Koo1U4xmMHBwiLIlTiZVo9mBM0W3SnoJ5EGBbqyrpY+bTLIHFmyPDJndAZmW/UPOfaCWghgvlJHhjvF2jP66viZ32hD6jhrE9sC6BGjkZ02wMQlT1Z+rrwdqSaf4txeTlpN6ZSr0iuZ8Rktud7xoqHmdfQ2/eh8FtqcPq4nfSvd1gfjHiTQGvRcfpuY5pMYJoP6ts/13NcfvxM7wbg/vJJS4M1340q/YwMVvuhVOFRi8xAmjIAnZJkKieUlA/ods7GfKw0Vq4uu3c4EzmDOpD64nwrYSuScTgcA2D0jhMoTgT1Jxq1MhD/LdCUmmmPZg8HILr0924qdsKORgcc+4G3ZtavXX6FT8QUVF+aasHfCxMNM+W66RGszlGharccXEaogB8/vt4pf6bZQv5OlpyUCeCfXOcEPNUjzt++psY1yv7jUfEaBYEvExPGEnuR6afcK6THfPajG0yM9Qne1oxtaRX6ZM6L9JUhJEDXK2k+MwtgIwecKNLio8IAg40npPHiZneUAE+TaQaG2P3sTmSKJC98THFofi0aq4PgUNUL2sjKhEn3DxUgF2DLyfm7mHDs7BuFCMJ/TScL30ZVHaxRX9VriYlVa7wzL5DsLpHVia7poLN2mSVxRO3G9GFPfmbXShODMYRj97ySVP0SDZMuN8ggReXuqDvKZCxpI76jbkJjYO7LhonW1BCaSonZWOgeCwMVPZvMrYNb5AZeGfN3Vi4IQ/QQxMH1Li29kN+a+BIh26sXNRaLCGmsXOYvbc9Ml6KGTRVFEGtn/kOnaemzq53N9E2RGyvgi6S+9qqe/QJe2ce+qnZZFWNhpSh0Y3qP4hZGsYbOglINeT2nNgdGS58BSin7xcqFo7stsRJo4DNxRm01TitzTyYKKeGFWDXuC60IVbRsSIC72JX/ptkewmeAX47L04v/6Kg8sSqyLRxMUQfXzJqKqtjGDGi8iw7TXcuhN6QvMZhENUeXEgxd5bXcHzsDQAIIeC9rufwnc387wnWf0JUA6TGIqwFB8dF9iyaDR8+TIUzB19Z5SpNTEvkazxz7OkLgOWJ/urRFPvu5qQdCz+OzNPnvMeMlLP9vdkAZG8Ch/0GY2ksOg/My2AecrU/Vaz30RFvwgJBZzAIU4wBydDn8xudGKRpnPwZ8/UZHBr+/kBkpNy5l677F8mB1LIA6VD2qgNCYj9lgO7OpyDAQEbP2ehKLHaZC5N2hsWiQvOflGEZo5aepd+N0wK8/8ufYCX8oFdLsI+OeLNSADDvCupY3ycIm7dxvq8SDr5tnH6/NtTZZ+YcLk3ADGIStK3kPeonAT/83VJX2uzuAzMtb/cclCZg9D1QXO/9GcJWIvp9N8CWlL90jG5Pj6ifa/DtzokuGa565cY3Hea2RCwgHrn8RpWXnxujmiq8uD3q753GpztIOnZ7dRFneDYiXj6JYQ0m3yjfX8ZDqfPxxiySjIL2/g1cQfZQGhM/+E7ONBK3pJipgI9mxJOwKLtewswjRAZG4ns1T8LyHorms/SC8ZObomaPKwFNrGPeWSJu2G/HcMDS1vK8aMXeEbpmcOMG/Tw5IeGu1ED3dR8ISi+brN7SlCejcHP7Fk7+7ZOXu+Iisn3TCUWX+mxJdgJW1Yb3cU4w2s83CK1KdB8UPKCt+RUWxw6WYPJZR2mbwJzk+xR6yuJ1VSkIdVwD7z4RTuYklc4HSW9UeE8EXQRbizYlj22wBAwID7vb5AGq7jMaFTjCymTOfK34fjyKuSVyJiOan/RpB2dGtJipGLJnyV/hkYWxa2dBsXMiwziu1sH1C9ALEAD6CYqFdK2E+D/mGqlU55YR+8gggYUFGINw9rkqniOYxBSxU3clVMcLjbMiAQv8NRegkIiaIQQATJE/OTeErfzHxaNb9wr6ENn7Sc+aY1dMR2OEGM7et8df/nVQKeHOTOmb7Epc9AiqIBa6WIDzEetX1qe/28kX8lBwn/3q3NIe4R9N2rKFUgLOsv3M67qnIf9zTdO2AksbozOTDPyZ6NlERFaVRjovs4yE9ZWSC1zm6JaTL3Fngq4j01yFGMmFZOeW/t3GSkHA34CG2rGn0VnzOdgPxQwmnnt0jj+3O2fVy4zftSdvNzBaLVjq+at/3zPgrov/7AjjOtjto7RISWFuDxAy1UENDzUZTDs9Z/HUgtntd1NVoPYYmVsbogROkanLqRgTJd+oPIhzKeP76YsUvLYGY1yxfsFYfrbcp2jLTqApiXoPYAtXmBca2voRTV8gc/rTPoEwFODnWdFRXEJppVKoncXKG0mecGr38+MeYFrYfuwUtnUqrlhlxsC/d/yjUkr2xUMFmtjAupiKDi+fsEq+4uou5Lo6HRYwToLWaA8GQS0GrY7Lf41qeFGllFvSiHLygh9VxoWWfxAUZqBZyyAROcALWJMz87aDp3WomJ37770Wge9u6Srbp+SohgyvBuLeAHjnTHntXnE71klVZumPDMTPCHd5+N/Z+7F32m+vnROaCz1ggwpshwp8BYkot6/pa45nANtOfwlahNdPLvB8SBFsdEhGW1k0GeK26gzqOV57kdbR32u7gnh1SmLDrn0Sw7tLDNDzniBs+bdNDJVofxpsSekigMDqdnNnn+iN45oG9moQjqS5cqnnNy6YJS7Y8P8x3GvFHxa0u/gW+J11TfIS+Ew9LKckrcVYSFQsM1mqcUSDc/b2YTx7hbGoufXOdJ5uBMGed2oAFAbyYrmskDNdLCnfDtnXdOsVcGEe3P4Bv5vcTdEDKzCxU+LmaDTv1R2AyF9NcRPDemESIRfHdAgW20inzBnGaCkvIV9rbr023hS9X9Li9JHHZf9odGB8BXRccpYrKaJiOs+OVlaURnJ1t51LOrao6QUNPiDQ6b5qn1lVp/3JDqsq66nqjFFYZQioNZITRJ2bZznMvqTtLBSaDJrOpYMS2IudjF7iAQBmglyc7andPF0U9dtoaHqPH2CUTOiLiwV7Dv0muOLWUILIlWsLgI1IVKPWJr2Vu72PC6l+MSQIZ6ZX8dzxaUSrmasJ+pAU4DxkrbCGekwqpC9E8sC2asDAlxptrexVrKa8pmDBXpJ3lVEfKPSQ2wkqs+qusxp1+3QBrW518EuOA6PTp8sheyadAb5hteALM324zdhuXEw7J2iOtWDE0pAQ+KYLZZ3G1xvHjWTzmWXvM94ggauYE22UFwV3yPh/BrKSnCLbRG0QGmAbiHTbCimRlkZeMlSJBzIQM3E6aunZ0USADGXn4S6hFgA/UM84z8hL/lCQQ8PyhuHIT5YfQTaRSRnvHclZmOwaPjzTN+yPQvTfCZH02GVfdkqFezq9Efv59cCFxlZBGH1QbDxToMvAHvs40v65ND4n0LBY8CBOmYIKt3BfsYDFgK5+CsRdc5NQV5z7TxcOUydA77Rmv0lOwqpNI6zFwPV/RwUnGeQoBGY1AwIkeOWBRwAVUVIZfPIaKOvE3ytnlXrrM1RsbgDu1zJsNKDfoBxJwb0NaPMsQ9gPpnbzrF2XA3+OXCOqaZAH+VgMPQ9a8fZfIl4xKLDH3qMjpOEB9lJGcEH0h8q+FJnceQ9Ahb5CAYGRzEEw6OuwFvaIpoiyDvlyNVHeHnAXa33LU8RFkcsXqJiRsfMUqG28hR67zNikfyRrVOONzlAX+4vjjr/kXMitxcJrAOgLUdnkydU7IeXujdCxfB2SUdrmMQtX/CcPeCsxvgtbzicPVjJ84h0HpuU1AR5Bqk+1RN6BBCk68cVIW4Li/wnhJy+WA91uHeUseULA/DaBa/4Er6QTIvbwWIrqXn2e6ZqhRHRuwXEJFJY/ya2eaObR6i9j2oVOE/nYSddYUqV75tmSea44tPy4rVr62ljZ6HS4PCazcamGMz5ZKrD1q0VAx0N2AwoRnQ7x+7T5Ul3PtWG3e7NoaWVNmpzABCfsklY+1zkhkTLKRy9+aw77+nIdcMTqBMMDuGu5aeqeXg+vszqYVEQrIu2EMHBDJ4KE7q/s8WtDQ757hc6rzRvLuhhgN4aqkkm75Ufv0cIPY5v0CgpEaHZL0Ji/XDE4atDs45W2BoPBzv6lvkbPtBlqQYThIq/SRiuf8NPr6G9DfOjp5fxRfihXuBqF23XWI1BmNumDpTquffCjjsYh0S1iaMnOn/ObHtMSo7Pa+DkSVzPB0Ksqm+JEAC43BsLkFOkow56MIeLrq5pBmS8E29ng5J1Ua7CvA3BIBh9ZL6oBCIIGs5Qys606APvPztWUUao6qvI/VJ4tHhZDkVKqLw0N8x9r0n6+IVYqlInSWnIoyIvICFFWcxILnzStHxv2wu5XyXh7JNXMPkQgo2aFIOuK1kwzcfdtfngdAXlhgW4+yR5JKQbiDh8+t5hHbbSOntXdN7nGUViPEHj5zKvZ1PqK0uHnqvihVqYC3e+e1kxRuy62Q+CCeixQrODMzDVpxbp3Esg3CyWDiVrz8SIPEXbooYe2yzJbETBD+eIvz52xqheqe8VysRl/6nw2LJ6ayeEpNlE7NLolRh4aZLevtmTk968ngqjkVFYBHjQe2+3n+D+ErlbFlpMxD6ly+k9Trw9y28Ql9DEBK8IDXijAfUmZ1qiKtdnbdBa/SBZeN6HNJn0MKs+PnJRwSRE0FyfR7/4vC1RuITU1rOsQv14k4H/5YHBwub1+gU3V7B2QhZxLE5vPE7ksNMlAFqKNUIs9p8NQX5zxy394Bzg1MGMfPvFX/1US961LWvjZ+3SJt/d6AodivS3ziUYGGJnVbs1I4SN3DQVfEyjvtJbUjSoOCen6G+W+HOBlYcxxv0aWhi4xQQF3jM9tE1pQpprpDRUD/I7oNfUAaLoN8WnUpJrEtTDNbPFUpF+QICcVfqny2/dYC08gAv1IAx6WCRLZwiir+U4sKQJ/uecrcYpntEnMffaQwVuDVPFmtpBZez2jAowW9kVg2Kptc1qRXNRZXiakwa+Wsl+OwcQ64PQp/J10uXP9zQW/gsDjAXt4cwDW1kOX3kAtbYZslKDcYdOZTpvYB5y/C+IlPRuazNP5yJboc590EyV9OkDnC5csinidOq14Mglme1etz1u6E5PV/wrOcE+kUZuyorxevrJJrr6xpDE+LJeXLYVGhiBYMGiWn9VxvSLYl8BjnB1Uwv34Hj0f0q6OpRxpqYYuh2GorYnCyE36lBiHHQZa0oDAb81T9RkZ+hEESCBjNz9l4Vlrtbp9IF95YgMbAwhI9+sLK1POYMDdnnbczlv9kFbE7nvyN3SQbnmssqhsaESL+bvxO8U/sE0TXLvG4Itpc1uaPNgAKrdNjZuH67MlZeDinwH87wCkWX6uAba5arCl8I/5qpTLcwXrcC/OqUdfE2pPR0KRAljqwIlfPE2sU54WhfKtw/e5X+fnPD74A/WEwqHaP5cUvXxB1RE7HzeJB0ZqjKUUarS/TKTCbmv495aIm68uw0AMmNN7kmYA5Gv5Q5EMG7DIq63XKhyFwK7xalJVGo51OSZWEju5YkHHg7eJZaT35Srv202SxgHhhnesPCSNcPHy+oPZAkV6sWkVbMo8o62HroJ9Gi3Rb7kkFkg2qmp7sT8LhtzTQDbBLKvdwISuLSuYtDEiRNoGpJ0T4AWLMlOyeW3lYctPFjtln/5yjRj/+FAJKT65aGDVpeZxwHWeRbW8kvvIGmogVTNOBjcAXbaJcxI2nbt0fE+iJtuBmT5Kz147icddJVewn6pgMBJbXoPdYm3cr58gGk6lGkp5cDRbi+WMAx6fOrO1XKAX6wlJ8cYIAln82I2hieaumObr6khM33TlWVicP2ets2EplOEXF6GvZPNUC3AhQlGBZ3x8Y6uXFWgtAF3ikaTDLe6IWo8Mn7fA+7XhZeEt9eDy53mKJSZoW7HI+5c/yLwmkfjH2QrHXDRfXitUG3aNpxVcOitojtZRajXt/LZWW4fck08oT1gABTxoYcm4K+nuGtMHPeVhzwKsh3syymMTGR4wKKNlL0k97M1yu6MN+KQl8hrs1XXJ8VJY/VqFVBIUTnEsYLN4bbNboqVCxytBWx9YHnI2rWp1w5QuKAz+DcGlugp2nsIs9x8vhR3CQ+t4svG2mcNfdHZzvhEwuioi/Zr41QqZ//BWVnNTesCkp1Z3q6m8VDdg12ooiPTGkv+ccGnuE6FB0ri4JULsB5nm5S76KUb7PsBsDTFGqGel5ik3y8wqrIsZzpfS/6xnY6PHJHeyHaIbYkADjndWGRdi+RmMxBCDCclMUsUnqdC8laUPrjQgJ4cKcXb1e74NqGOvgILrWjvJJzxvBtPe9VOgHSU7X3zZTuf5vlh9Zm80n76LdE/p9TcOfMejHcL/gk1iMMEVLICYUODDF0ZuzoNkxb2+X2VOU7hDdsGt/Xv1PI9iM47LXQ7S3+7X5hqprRQ3CEaK5P9Q+SR2Pc8hshMdsX6g7EjRArMBfsEA3Ptl6pXwG+kuBT3zVJZ8wKysRk9OaMn6avFWVAaQIm4tYK2kFWNCBMUqiNfDHvmyhXyP1JULGRev0GBjzUphg8qbNcs6D7gBjz53ZgVOPEF23KfJ1h3of0r7Q/Jznr3bhg7CN+R0v9ixtD1flLDfb6BVCurhKN6ZjymsCXMWzVYUgfxJGO4sPqLsv60sIu6C927NEg0sg/EkHqWv+6/bb7rK3WPsSu8f7ZgqIyqc/8iBripRYB8S9gwfuhz7stf/uv+m4RIwxpWkJ1OBQtH2YCjpkElfuS+BIKpeu+JzcOXN4p6y8S9NqJ70TM5Vkb/PzIwfOz4NsGJUAlNs6kYYeVgymnf4CnAgZzvrius/ulgNEKY0BbKLrQMMyFqtyNKbwvG+MGka7bgRYXUtjJPKDRDSplUOX1p7UPlVog+DBzaV6zNULTnwRwdOUJGQ90Kr91/qtR2j24im+kj9xScvKlRKaC0mf2AKKXnM+RClN2DtwudyCk9lb7H50XrfebnFiHAl6+/49wwRL3+JshcE9hYkSEHAxMX6X+PW8qdWaPrxd5O4Eh+3nvd6tILQ9aup0MxrvmoGx/h1NlWgZm7gBxCmU9j7jBq5Pifl7ag6b22/Gb7La8EAZWzrFgTSOOxmFgUttKYSBXxpRGXP9s9jQrnshBtPo80FDg4buKGb9FTyuGoWtIgiOPHgWLpcbcByixUs3GcM5AigzibyRolv+lgL9RRCVf03BCvid0eUFsLLRs3Q0J+3HUlx5DM8PB1+09tGLxjkaPv9qqW5nZ5xQIkWYKRjSPBaSE0mXZ9Ik8CrsNC/W33vp4BKRUD26lxWJ3WzpInc8O657sRzFaKkcIBmXBwjggISwVrWomWUOS5rpBDgBc9Zfe7NaJIDX4yEVIhHyGLfGuypfRmCQiqo+4GM183E8cVjiBOmFJxhfbwpdh0eKe7a1nHeUNqGt9rRNpicm6o5OQuqxY05IPbU1UnCizeYqR5DuJLAocQWeupCoJPSw/EMOBa02mm2/bBmF7Wk8mJU9gsuzdOvKSgrprfldDglZJzDRaIElwo8PytdKQD4nxF5U/rWh6Kz6ialJvLdyVF0ZJwm5dy8pbcZxhQJuaLe33pqNfWTxsuQMTbDizDJBF4YhmKYvMS4jiDPt9132HiW1GioXiNjwqNA2QW+D4ETeQEvMRmmnWbao15dJEqBqylGp/JLB6ZWmrmfwkYkJEt5ukDl51+rZMNyPXMwcnGJwWOf6Fqnp6fiNQOzW9jQgZVmrW3sBCzj9kq/OF7l4BjfgN9o9sp3wicT945Ss2yg446t8fxC3TPPyRhbVIIF/7gNpUVG0PsAZcI+llAJN76tQSbkNDDTTWEnO+RFVHrUNY9ezMQU7Ww8Ak6iUdAVZlUNas3gfG3Wlkw8rDq/x+zCmPFElu6f8IZqj8nzcOApjQx3ybRRsg3Rylo7aivpvVgSFzFCciUzg2re2auyU5rAPJydRHxejiAYZeY6c2FaceRBVz4DgWNDhUf4oYWw+FavGHS5knCM7t5THpEEfhfdh2oTr0CgXuA73u+1L9Bkg1TX3YiRmnNzj6NP0Wxb4EhK20REUTdZw9g3vjp6U68cLFcjx7JbnC2GYnckAhs2WIycKSezfXvxoU77pYZaNhHG4zm/zZsGSE0XnaieMPwvXQ0lN51uF+klWK+8TlGWprTeq1kdKbPflGYV/Pr4TqD4drH9Ru3iEfIIeJQof8TuboYyGP2xEmqRCH0w83zvTdbTf5AVRuGei8wx5EYXf5EB1+6z4Lomcxnsq4EmcL4hXo7QjCWPOskcgfM3PZOFk4j6yKGeFWgU4+szCIfX7uNL8yy7uYUfiwuXT8uAu09+z+Cb5Wwq0KvR5EUG3xkCqPLU20NLdEmQBrzU8jFX4yQ7tG854mBW6rP6rH6tnTO+bUEbApc6Tj+OC4bukLB6OAOAP8s4catpAA2A8C/ifcua7q7k5gEgbJHCxZae+k7tr25qjc572b+nV7/6tP8gIUSQKXtpsS4l5WlKeVPYXdkn0y83enpkq5LW/WnOus4ldzNYZpYADOREC4u4vnAe/R+uJ9wlSvy2Tq4d2OXVqmKZ1vbiK0QQzPOW0bSQ/tXULIHjHtXQKfRJ031+kMzzOhJm09CVNkjI55T8lTOFBQhzMZEb/PYMUayUoOhuJcs/8c3zoQcOZZ/bz6d/nVX9iT1X+erbx39z7TdqYlv4+0hihvjvKu2iNlQVF9ky8t0eChiol4BRtXzx11omJ35ST2qzeCqtVFztIPDWAEhTJ7/ITkHk0jtHV884qDz5nSb1gYo/E8gf3T5wQN5Z3D7DELwhbe3D7msVORL8DkN1P5Yc75beOTjbIgx0Pbd4TP/jzIFOYsi67LkEr2NY/rE5xhAJTNb+rRTnY6JWqYjQZVBcqt4eoObJ9PcCtMbkRY6kcZhf6i6esZpAfFfWpLwVYDJX6ziclLLUz7io+Exz8iBCvHiLNncrY+DL56gA066aCxk1pz13OUFfsN/C3nlgzZ+J3KALGUeJgSeWh3U43+Wf92T+1zBEheape5Obc6G9e+KEXjuEz9A/SYyOMfNV/f6wW7sgWH5v8Nuobp7Gqq7yeoOs2dHUQ9VA6MprJCTh9gTKTKL38UqZuork9faY4pNkCcxWserAc5W/EzUiuorVSd3eNwi0US/S0uhX1v+PAkC6gkOQPS98n9HV/4Ns/V6BVcqi3wvWNcfYOawCaaX+oiuA5lCWalx8EmfGRl+vghvv3jb5D3E5tNLn+ZPw+cUkPw5m6vIOdEarmu93LLpk6KzfEE7U/kakgPjQLNhD9Z+mboKAJZjLNaGUQ6PxDVIJljYWODIdV9OTnETIICqjo784LepMrMW9e4bb3sOm4ry8bvQy1NRzmUhjPBL9FFozTjyw9hra2OhFXo8MeMQ49oYg4caM+BkmRB5cWvkUWBLxVX/GnEdcI4k0ZxIYal8kRj7hWIyQmycIPGBLRANnGl+ANF4VDluEuJfD5zCv6HvzJeKRVXXchDnUORSzUwyVj0WII1ScdMsVkKIpWAMW8yDaY7xS03qHdQrM5EZ5BqYVuFzmFxGyDse3WMkO1I05JB5wbm7Tr9zpFWhW9foPybt51A2h0gj0te7hPf9CcPqaNZXKdVHXsh8oGFOc7GdQ9P0EWuPwX1Tx6eEJm62xbulVrFmFaUcEbyn/gvcBOv73H3hw4Db9qMGxaO85H3/0G9TG1jnd8OkoJ2z8j4/gpK2E7ahmNSABZyYmDe/RsDIfT3fYHW5Qx2x1g5II6Nj92+B3loItwKpY1QrfCkC6KpBfnEoE/sXJuynL1+x+vnIztUpgMv2DuRFwfN7JmkZkbV3/N5L31Zi81ujtmdrgda4cwjtNXVn9uknqr7wGlNzauGiLjlh8QQiXwYQ103kbt61glYibnWry/LlIuY8xj34a+h7GdsEIdyaXhP1RCf97ToSPxVFPrR9renhrrzFMYXq4uYrHLPlJLfwt+SLFoSwkv5Lome4yPu7dprHoASec5pxDxCS20Wx9nB38wTzemodKZwCz58B+QFZwxs00Yrq6cQZhjsiGEnH0w6pIOAEsIHeHJ9OcezkHcWyuIuRdcOWzMDd8yPhhlQpjZ33g4oJ0AadM6+aR6Z26eFSuxrl7Cbe/cMFnYYuDZBGCgAgltbb438SUfiVozEcPBPDe3n5TrEMZDklPISzOY5fF6g9ky8wkGnIek2b59mfkbjn1bBgVQe/RLDOLGrbCdHgsIruSD/NosFfSaizonQhN9PILJy1/2T2ByKCf8C7G4UTH1iflBJbx+VWjxA3g0tlBb6fUIxvzvEKweXZDG9NEBUPGjs6LXmZ3AwgajeDQGsQt6T+KJ635IVZQ3I1y01tQa6h3vT9teyxo1Tev2ZLCyJopUNgceMBHZ0XuXCn/4snlFGaUvqjw7+jfZ/4Se/EJnGv9ezYR1nqmta0TPe331bq0vv3U0L4tXZG1V6EfGfXy2AYROtlVvOsiCk/LAWuGxM5cPrxHChzRvYyxf6zarKfLe+WfBnSVb78syySPit9/mbSldj9+euCTN0TPOA6+w+7a1i8zoLpUvxSQFKHtfCGDIKmwZoMbWk/lKdwn/XBxoIsEp4vjVBxSihK+h2P1zM7lZsWKK5KxXeCqueEZazDPIGbNfimS33NuSLwHn37l6VNZshl4CLi61L1eQxNI2kwTpSy3hMfqx7/iaE7tFawV8xDGLgv1TFDtvng7l/uT4fyICRHbPFDG8NX2604Ng8rINIUS2nXwT2F6Zu0YilorbqY6cxnhKekRJ4+gjaXBvcQNcgSfnapODmW9F/dLmBVG6JWgpmJjzocHgJnFl8oy3aDzhbJroC4oPbez5/8VpWDgMTWQPoEv+sLoO4eoNnnutol13EKBO3WvImXKsRyg4NMLwdj+etAc1lTcP5z5TImQMA/Z8s/k8ZJ5zspk1N9TFnPnRCsxF/TwqttpfO7KVBNdf7gS8mShmUVjGNJHqVLkgV3loMlxKtXs4i0E2HOVaeaEs6JJFTkeP0XSqlYlMduL/hdAwEa+PL3cFDt1HnqGiOJGvitlMakvMDdDrkKDMcRg+3PFPz62xkXXmtVu6s1k3zKBorKCUHW3cKTNK4kG7ePPT4OZo6adypE5aRo40oB8ufqv9xtv+uXjuCUMm1KjGCZl2d99z59dgc7QQ+HbkEvhWORoG8g4SAxuwXBegYnl8Z5QhlVQpU4PKhj/8lt0uIMchPPyDvXlftw/VDFNktaJ8bckh+nkvVSjCA40yrZYBuZJWIcjqCay9OnKPb+nteVcjEcIzAyAsmf5pscGfFyerXa9imixNIC1I4GgOr3kxzN4FjwgYNWxi1A0mKLLE7ZSY5WGbM22wDGyJj7wbbK1YHVce5esfHWYlbO93/jtm/FQ43m15uH54yNIItBBvOiV8RNs1yA7EfLRF2hegnAu1WawWLUSjaha+4R7gfbxuiR4py3eeC3C+zzHWxEcUOJv55YqFDKPmOtcnaJ6Vmh3QWjY0fy8s4EmtoJhhvPDxf90yRaCiSvBV/v5Sn0r9xZCHHXdWVAZ9X/ufDwD0vFMgFZoY0L7G8PFUEGdFB2Sx0WkOJM0K7HlOlF9l4nxIagxfXyDVtf4QJ3MkKf1T0dzLQi8SsH3/OCV1Vpkuspp54eu3ZYsXdhAsTfVjNHICg6e4AUgoE6D/KyP316zR0EI3ivZ+SB5CvOzeztZFki9t5kaj+uOyvqoyN+bdNr7Ez7W9MwRbvbHGVHpy1zL2JVbKOQkNQuMbboqzZZ0gk+/jPrKjGoYvzdGTNcFceRksvRHJdo/I/9TmdOtDdIEcrSBPWE2RqPMd6XZwXK6I+xxnvexZodUZuzH9EOjUlm3ZZSM1cCe9sBsgxmlrVyYMi5GlShXeWnp2Zw/3L6SJ4dISIYL65wqoLLQTxgMRjP50QLg5WfBCZlSFVHg01/2veC1K4qV2v8TnZ6JpobwqFJlgVsBYTmrrrrCW+DnUKJSDGnHoa4WtDcQKXKiI8zJxCghGQNSs0uB2JOafW1yQrnQ/b26fEYVisJ6ORTGr1AT1KlWJs+obj6ssbAzmEPOb0F1+5zt1toX0p3cUaR1FyIJix7QGhNWbgSDlJ40ryEOo4jxzKgx9QM/bazQ3keo4b8sf7sJumRHKcadLPqoKnTG3ZQ+1us02NvploCUANwhhQDv3wyqdMqmQmeAUhbtO+i9ay7x8t59Q9mMZsoU4EJQ2lpTFDsl6TogegVlv7iqaw8D6mlVYCVlXVB11M+e62GhOYc7pl8pXy0fb6p/zEr9yKAyOOnltkREllD7l+mbUlC5JhJFy9123tgUjWqKBHKYCUF4DgFfk9hFKWXbqF1bZkBVEhZJRuxmkx6us3uia6+4MCiy2s/bVSC6PdSszwmNkRikXVc8nhTwrF2+crT+XG34Ie3uHZjuZebEl+0ME7Xerc5mmzYShCXXW/t1jfNUtYkhNQsNgI3mg36h8YMGG8aIYepNXxyb+/RiQvK3fNMzJticBGT37Jf1D1LstNrHBy6N0hcBeMAs+3ddjvX88AvIwWVlphTIOJhcPe6xrZW2HOr/AFrTS443WZwyGpTXBFeSRvm0+JDE77s4aDI6Y7WdKFSlmgqliVimTM43+A7UdBiJQi8rBgtPYZay121SksSEUXcdCyr+UjRO++oNAQey44wAXmUBvIBFLNCn8SVZlRTqBPjA/TsgsuGLpTe51yu4Sm1R2JpHKl7miDATPhhihWbch4hWgijevxLT2i9NwoR4f/BnkgZXNgyjC2LIRqld3XqBl1vVjcsnD6TO7uuHsX+9z6WICNS4CHt3zw029H4c+2l0DrBJi6ka/JlW0GYBXsdWHB3ctVkxxuDx82x06AIzijMun05IttMgv/54dcCRsZ02U8hY8FgcJfgJ8srGXgIITUilqekXpoN89TJzo5CDBScqWP0ITPaCypDhsEENdIRikObBKHqc+WJxsvorkL1QIsnd9HW7UYzVXe16/uVXP0sZeJqjdfuyVyuCnP9JePChDTdbl88UPE2yxpYFDmDrO2qBXYcbdkS5KIbZS/Kx82I4WrU3UPsAnBxheKJVDadSmnBtM0Eqnif1jyCn1y+kaC79tE4czaIwzbfmRsU8RfMEPGIC9I9irowZlELGrnPBoUtBtdiekHrnc1/CnC+A88znQLyE88w8QU44Ts3gLMhQInPVgieuRlFKw4zDa9q7HYh8vIb4S9Xtd9TllIQ5lEKEm4K6hG4/f/yaKmRKnNvnB1CCK3yqajssVJxvTTAiquXq+f8Jnc5t7GN4gP7M2I+enCBXB46XsdtPVJHhmVngkG9FnMv6qYWEugqA8ueBk8CBID5B+Cg/1g7VX7wSJ7zVOj4gXG8evFqnwGh3l1r2D15JobXJek4DVdZIvdLHJmvnEfZudi+2T58zC+Efb4+5sI6MQCY7X4+BwLcHzVvDRrJU23Gaj4nbMI997HbRjhUZzRVvesb1Tbn+8vtbyTefBhDiOaMvLEbV63+7uAitzAfoy5IXhjhV0Sb3fejtohyD855YZnYLEQ70ht2owEsN29YOODVd4IYfrwQl46S3ZXdA6V+ji2lXZolSqPW8JFkPSShLo32c7OjGtgYC3SaGNKGpQg3Vciz14ILB9RLVEqvxdxrOGFfykeU9zF5lw8kW9/YC97hDJJl+jpr8iEbesiZ8HG28IWnKFmx+Q2AxM/mVZ11NHr5luqpvLqrLbA2OdBniJETPHKrWAGBto7/ursIjrvo/Lp3V+0hOxd6W3HjB7BWJ0jPRR2onCtOv57nTxjlwVb6ebGEss9N1RHDCXJRH7RdwBhiHUFr/hsv4KnGJBRG66gNlgYYUD8jHI96qxqtLzRCNa96H/t1b2ES7k9TnJ4z8esI67nLAArZnHv/CBbHZZyJ2Ni6vAjrbUTA+8Gk2F8uIRQaJaEyG/Wh6IIwiTj1FnwosVX0wlmUmpQtYeGOTCgXl3Qw41Rt4/G7uLlPVSVIA2rTCqGr1DqhVtgGh1cAVpsg2aDf9NCKAvwwcHVDrmFA2cp3bq9SN4Mmgt1CRNHLl5gBweVX3RPT2IR1vbajRvBarW34t88S/Y310FUG3yo45lvtT1vrP9v9mXsIMNML6Sl4zASzRKt+jHc3icCF4s8VwtANCtyZvJZy7Tx+aWnQ1OKZJGbJBpp0PgbYWtu7ygnnJYiL9N9+bKIkvmQhfGYQ5WcGsVcXWnf6/aAAwsVW3r0cdgPENYRtA3Xs9QyiQxobAPuwyKsPq9Xl9HnwGe7wfQsSEacYDg2DXc7ba1ZcBa1Sl4wc6awsTelomeLYFfUXVyNM36oS0U2JdK2a2WanzKQscJCk7p/m1wLTfoeWblug4WOxGsYpNDmW359jwjelhtCPrITLts4CBd9irA/84CC/PvnVLt7ti5wol60AVR17rS15w6HcmssHILKlPN/FxXKAWtCb2l4B6Xu7SW2/YIclhUuGnLvoOnO1X4nUVJViYNo6ywPGdmYNwz3MZsUdJJg7GR3Oiq6rOb46PFMcLyFPgJCJ+xlOCOxN6dUfsBQ+BtCCL48IHdtlK+dlYq0AYdb645/rv9F0HrW2YUhDVskw6/FyMvZ7AfSIbyXjBRGPmc89hED5ol9xmaJIpkQwiy+JhINjplYDZu2YAQB6yR345rMA6dgyUzwqzU+EzXcPBHxLXp2e5XjMvIAC59DLWs7EBA4XW4ypoE+84hpIb6+zgiTncaYBOgyH9H9HPKr3XaptQWDEygOIrHX4imCNL980LHbsGxm65+uOF+XC2imP03cqawNTFcRqOe88F4ZzGD9CQ5J0dr8oRcuHiVMr/CFG9l+fcCDKqoIyV61BDDWY1AdrZs9/+XlVqw2cRgK2VMzj0gQ0ds01R6nrrqLiIt2xUHBx52j6xPw+YeQfMYMPNFZD6quLycWHp9US9KVmBO+yaFKRCAvjxXlRjCe+s+769MBE1TYpO2kkD0/hAW7keXkFTlAN3PtKcqj8Q0dEZKsKWCiC37L+GVmZnG/RBkCdN81DhNYgaxMANvIsqXjEPLoaEaaVz53xud2SU9dCq74YDEgwL0GR8AM1YHgGsKXpxIQOiMwzi8UKUp+FPglD79UJKFAcHY2RHiZD6iZX+QGT6nN6CgocDwdZPzxAaaaR+G9LDyCWsU7AxzCTeEPEe2Utwlm2B2gcueLbTwvDkjbF6U8DBoQ6RnP2fQnmzuN9c1eFY7ZlqXBAnT+L+fop3Uv7gt1c3EdfoHbR7RuDXVduVxP2t4kDv4X3nlXb7GmrBKfNrmYbLUfgnTMJqX0Iq4d388y/02/HBxLpayHOZMO42VcsUMCPaE43LNgBCKDvBGue7HpmyIoCFfA6RzO0fUpLQ8BFJ56ZLE4n8RQncCbiYL7CNzmFipaK/RzOQUeew7J3iSvXvGRKNoPC8X3HbY+b3oOYCldF/dckw4h6WKATzSU8HP7QfqEt/CSF3DufMUYzMLH894KSkIYI2idj1E52gPKsAyljuphp9O4EusHTNks9QB6Y4ZQphEQEILiQdjQ8Uv9yV9NlFOZonjdgC8N6U1TKjv255uvIPbTzSlx8VNopSjxkGXPR7TTEL58QvhMh/rkh+aKLUKE6KFJxBhHREl02iP09vf+xCan+MT5ZXhYOq0MP/eOAYT/SiUL8/qSYaO6uHgfOCf8UfAC4L3OL3sbFZwa6zY3q4+LadekQ2jtXvu45JhapQzPJLtNdjxne29TuLM1Y3s/cye1X+M6WCjTUuHmSEoPZEbbRPWc5T3oxhj0TW9PlywB29Xb+4QH/4S73i+4DeEFl/UyswhMP+8HuhRsi7ThdLXNkq4BvB/K0lOz/jj86ldEDrmBj+QAfC99yYHlbY3k4Y8uQ4z93IeymonuvpnskwoTlcRr8Q4LfE8DP3BAWEs7Eja+gyH1Tjwb1hwzFxBy0V9xtg5VPHIFqG4higQbW+BSjgLpugCRV2OIrCgqlo1Y9BjAwTuMaphDLJZGudL6bBtnbA3c7Tjx4wM758On0s817+mU/qI9YJQMkLvBiySx0qI/KztcLuH51M4mffm4f61QcC8/IkOaa/lnV9oOrwilAMkwe27p+X8CyM4e+0MjZJzOQKTEBTT+N5LxA+mu/pDXWGesiF19oQhZthYKJDIS7lRfWrcFQDufQUuu0QUnUI8BViusX0WUXz1QmlXHVZkQ1BB31hAAbMCtc7kt2kXui2bdlLKYIhZxmoAWNl9qRb+NhDHJ0yiRODe47MiH4J4Ih3/ovemBMjHYAy+R6uusk8BUkGIpWbL09D6XyXzUGMqrvxpNsBFdarSe4BPMdmQ6E3Io45SioRjOl4EI20asUHK1IMuCPmGU74iCt6O2SbMDNun4w53GFqAkhje2mnaX+/23a4lCVIJuwCfdQHrsfobknwpthI4j9+/+1Xbqxtt1PgBcNKxpfI0vNC4EMyBFXWBc3gqe4hnlPYC++9KVgtT4Gj7lCkt2kSNag/Up1Iguy28sxhJSR3msrKkNGRAegaMwtZ47AsN5Bp46yEDMnGk++IKVrFDniPCkXQtZ51PeG+8E99pSViaIwpP+Hy5Yti7fVPWIjMaFJUEMhBgZwPt6BXATmuQS6OuqEDTpne4T5WyXVcg5Xcvib+zgsAlUeBjSEquFSbH82CjwjvsPDWig1c13HJ4P9l5efF8bvRm5NJziaLkkZ2q56ANlYC0QJhr6lwKteRxZBE5iuS5o/R+3KcYTKVTDbWJMuYoE0jutW3u8NrBF7j4xL++LN5vZvee5GjxWMAcVcmZOEH8oQlOOvjlOITcDupCN5V+BxRYlXYXQq2t2IxoqOPzOCk+65h6QmCx5AK8IM8XHssSQYH3m+sB0R3RK+omic4EgOwKTinrudytoLZ8LIqhVY3a7Zp28qf8O01hL7AeKN8sUiqZ2F5D1y3TdxzmYKNGYrNZwqnNMGNMjCJAnbZ5eER6EP8vuoHsOC8tZOHw44BK9ZMajkHbD4fmxMjBp7jImKGKJXt/v4CHmhsuxSjq1tLP7Zv8AL4gkczsxw7T3oS3A/YBybN3/LDq7ZQqi/pYEvZGHvj2ivQbT05ye4WLN1kuOHQ5+lQ1jPXBeHcG0xcpBm6CXHjieoy+4JG4xTKjDUhh6jDE2ZewWxUlLdYoSIoV52B/d1S58PdS7cVEVQc+uRfN53NUrAoOjIeb6m2y3KVCaZhAU2Q9GzASU/Nop5sWWyqwGxIlfO98aJBWuWn0DLV0L5aIaLBtEkfoUZzZmG57Bw7XR+T2odK3e06AOn7c0Joxgs09ESZ+1xKgC0i3BUTteEMuFgeNSRKtLvivyodOCqW5g48APWL/X6/Mg1hit9ryHy8lX6R3FMqpHqIGPT8MK70qeArWWoeRQcUt+gDd9hwvTbkJfYnat4oUou8JDirkhBP2IUoA16DmP2hvkF8FbtM/hBHa6z2XKBjgV1bfwauV2OQG7mNaOBGjvmJqirf4PR70KgKmioo/Azj+AfMCls7xUHrO+YnsX5rVicsAgblMmpXMYHYf8/uDpyxwLxU0Ss3vFDIMVCe+ZCWPR04RczqOx+ipVefda5e3rmtqkzdefkxeOiy2ggaHoBve/ghHRGUgweZ/FeeoEL7Fh+HVbJm/a8lGSdWW4D2/jr5yy1MqCMeRfkauojRIWsYhE1yqPJuCRnTVhV5a3X3chbK710A5f8zfB/czJprLMGJTeQCBMTvcmeGKwThPNAVLyX4seW12+CmEaWlQCfDCA8YuQPoQSvJu0kaljsQgUCHjs5JPnAh+f3POhpOO3qkvFFv6F107Vlq+IW8YDbwoZ5FbKxhqjNrqsPgphgyZ2t99IBL5bBMyiaxWtFrbMYOv+CfP8JMdry/VdEVsk3ecDnXlrcIm3RpbPyKF8rGY2Lyf0ycxW9k1//Iu0JsJdM+jcIKZTST2uAA48eiTMHVQqwY54l9YTvd8HiLtB1Qm7y5W2+9aGzSaVQsJ1hJDlL+pkfF72/cQk+vTPXRfUT/er82eV7z1SyTmYhEIl0rypVAaJX3Ks85ns1FPalxrjtDjak1zjCcfCxtMU5PIYsd0+6CXSIKz5DwGNltSVTleQ0XrLel2qSRgZVI5SMhi1nLfVaB0CLAKMtDgBftRw6TnNcB8O5nMEM26VNkiPjUjCuX3AkpCs3kTND48cFHlKRT9+KcWo/kmNQXQoHEQoMtME+x4lhprw2xt92ORJvo6TPtU7Nn44lw/uJZaH7RaRgd9YlrRDv5/gq7xZB6IlBZyrn6Mpg063OO4gIJ5pG7y5hXsxeBjK5f0yl8Vy2SqE5lk2v4EP/L5t9vfdK+PoQlRkNy1IfDl6dpBg4v/tnPl1Sg97ZnUNCwdyap7rsuoSKR4Tm82L6LXuuqOzCIRfSBgd0BmuXzoeuRod0+pfMlTjqKo0HDW1Tsj8ARcABqdSm3RJbv500Qeo+rJ2Hmdm9FJboo67djHSh+ocRXVFsy6/2Ex9xsxKjdEIkd9c4aSlIO0TuwTUUTi297xQBa1jJBTcxX5OPa7I9bOOOiCJst7mys3nFiS1UMxwK5Ee7ye9ZONUMWGjR+IXpSlPoz6/qrMpfkeOYqOfWkWhrtZgge9zT4HQvH79+4q2+4nQnoNDJSL3JJts2lN9VTZx6lw3ubZxXlOgYwNJgOAAjuELzqk+0h2e2JPsL3iYwMZ6Ta0QYAl3I56iuaZI8HPI1yY6/H2DRlYS4IYIyzr/+ToExV0KzDxt/FGdN5/1T795GM3sixszAzxFNawTohM/oFImcPLB6qPmh3ESsEjTekYZYuFFjkEHOF40lbBnMzLYKaCZ19Tpxm2dvHMxaEJF9EB6PB+0s4gOu6DHwHRyhlFYQ9AqNM1whaSsRGNoZwWLnyjn8J0PkSUo7tGzSy+/8FAkSFwDObhejtDXHwAPxakc7oz8+tGHSCUMfWWld4XmXnKtbna/hGRg5CMHp2MDFdkGP6ZPPuT1hwZ9bovnUC9lbnsvdhrkPoANgds6iyd2QWrXboTrrzRBGn2FfqulK2O+wXGfbsSh0n97+W/wl6Ysqx7GhkVGyqlr/CBBGn8wPx1mwMR0EtvqN6AF9RI/Fi6lniYUR+cA42fpOW5FYvbl2DpcuVxgQz6cnFyqtXJqn9mqnq0GjS1TPLqLbgVcxcIoQ8R/7jKCK8Fl9P7mz0k6x4HQfHeY6i7v8KYgWhexhwC5s2i7s7/jNFqNtuvdkjw/SZA5cbCIcTw8yiFJ9HaH4qt0dGYBINURmD1AAZtolKm5GjFIJj/WxVf+94tIPsGk1cvuRo1Qu+Q9z/JQhTEUV9vu/zv/eGRliJxYWZCMZ8twaVt49zc+WlDb9gc0IVZUhA1yWV1Ri/rSdDcau4NYisCTH6JPALkcsFyj5WQ6NFooIlx6Rxn+JLKEiYK4+hUJdAiWniqPIm963KQ4LQKeXZXlQY86J/os/mVMZ6eiNAqjwSfTpTTHDzbZs+3ubb4iTUdj+FUCwfKgOUZMw3nLRwDnopvjqEQRHBc+J8g1LGp0h1FMZFwxjkrGHDgDwIe51ncWcVc5elKM2z8TO5ZF2pATWmg4/+Lbb4THX3N/txET5a5RMOOuFG1YI5E277G8WoytjDMzAU3LVq59Z6YGc5waidqWdbVtEEMj8pQA8E+EPmrK0vedJJoWZegs8C4PgwLdkXY3GtntQNx+ww1/BE4TUdjGKfz2skaBlvxqxZ7FvAfNGICyAkSV3bpnwPt1JsItx4xafZgJmbmXvFUVpRA1A5qrCZaFXY2IK0cDiK80sxI4SB7YFzaNx/p3QvY3jJQcu6tOWNrIcJ32f5/SPT4UWeW20v5NyAOUa6VYPpA5DV5cRDA+xXQL2LfF/SCYMsNYs+UZsmURKcHrsgoYfobT1ivCUc/c9sYhPQIJDLpOopdkeC1++6zE+YN8RUfEblk0LZLKHcXsJXgcvKGX1VPp5hf4cIb/2TTm2b0Hswkv9oqzOoPKPaIm3sF7f2gfHPLRfzrGGgokbjAkmfbeyDw/9UJBxfzTe4I61FKOX+TU9uvrpmeKFV2VbZcQDrQx63o92fr9HVC3rfsFQTR0MeCmHjIl7vF/SMOEsePD7xymTAe8wfNKgFQiL2RvI5rupU2q8OJLtVul2azD3WA8kcxX9gGk3mQGOj5Y/EwVR2kTF1mtYeDvnCW0HWUGP58669Gl/6eM876rVnqQinkXf15TDhyOldjbHfD8qd2IT/7q4CTUkyjmaz2ILG7tWvMG3mxkrSiSel1dAggq3RuaOfsblFOocKBt3IEGRs8j1H7U1/nTZOWjyrucRtf5HZyyrkciu+FvRXRveio+EIh3ZGUM7FUMPLjEGDPtyncKeicroEnti12cvZ249oZx6X3OAbjLgvjdpFXVzm3RlC4/yfv09OekaRRZYAI+Ptan8RGWkpltg/eIU5v7qTOwBY9kWZodvXAIMlCB6uVyD/kXSUMxsGkv16BEnXw5z325py4990OWAAcfF5BWnLx6VTStjNEHY5faa38ZaGRvY+YNV8eybBbnBDi2+tjuPLC6/ifW/9/CVOU7y84LPA3soXPnXN9ltLTlO1wBo6h8Cu4KboTqiuCknELYY97bxmGOlN5VfyLNvTfq53PmnxBauRYEUSJz3vrkn6ED7jS0sjJoxFYBNjYwalViudU/INi1Ws1969+ZvXVqGyCmiZrcM33vQMBOZjdKgocpPK+h5hNVFCYlz93bLNI5cOfbd/6KikLjxEAU2USNn1hadjRbUO2r732SNncv7BP7ypSsaqTvGS4ziAkfsLpVEC8pXoonggbQEBx26U+0BWsu4HEMpHIgYGrSdoKPcb/j4y4q2zstqu0vgH6eCZI96kxk0nHwUd+IRrFjTzF5FVO7rLEWS11quma2iSPJ8u/S4NrfJH64m1yaJAjmByTHekxPvWJ/T2S/ZYQUqtz5Q2AS0U/a41hO5zthXrja5j9QYTFQ5iYHXtMUQYFLKV4WEt+OngjpIfpinX5tW9+g+7ndfQ6EWlM60wIr8kQYTAllBozpoIknuc9V+jcZz4qf8HyvprzQxV9Xc1OchDJp9GBNBYtrPOfpXtNOj8T59Fs9TVeyTFoEVGzIQranJ3DcAm8m49q4HFHid/+FJb+PHmskLOr8hCK6Ry/RvJFitWkssi7bXuxd/osfB/DCFmwES/AvWHVvJRYs6jN5g1uz0US8vAlSKBmHKlIe8IiHSdcoo00admxbIcnY8JQQfEc3tDfAUkcf+LPlPGpsVETYYyQfR8JC47S9QvF6usRJ5ecgZZauFj+COzlMKYrFbpMvjvfms+abTKwiouVu46wg3NDWLSSlTrLY5DMR5eVGKl/jpZeyGgP5hxY7v9D3VgxcD2BVGrfzyNi0RP1Bc1xSIHPNprLqh6IRgFaIso1DC9EXkakpNn/Ksq8P66ySCZJEwk0Q+sYkXYZIeCouWS2Evj9M0iZ7HxUB7KGT/KVh8I270w1FC8VWWKheUZVhOVE2ECO80Bq77BAMpV1u0la1J6i08JCk37HuBhvHuJ7HSD7kJuygJkjYsNAG9oDtQot0VwPrtP1L78OB4FnUVILU1BlThcm72gY4G4pGDi4pq5+5xcddlwbHDKJiu0Q0xl0ouVx/Qq+szPFQ4seGz70EDtPEScSR1kc+tWAD1+XHB+3z7l7zmYpgFK0SIG8Qyu3hKiI+gLubCY8UcuyX+XwYtPWGJHVUL7HQq67XXI1WnEImfhDhDys6Lah5gwruDoU9yKTG1/bDialgWvEHoDB4MHBBEorARn8cYoVg3+7AqG2pFjN7xhFjhRIR2WCQC3+Cgip5DJ6H2bRh2acVDg76OvEPXavk5pn9GX/yCz5uJuhOBEOnfBlnnRBljUIzIlFKh7acg', 'docker://20.10.8', '', '175.16.1.0/24', '', '', 1, 11, '192.168.3.1', 56, 186282770.432);
INSERT INTO `clusters` VALUES (55, '2023-04-10 14:29:38', '2023-05-15 13:24:27', '311', 'v1.24.4', 'BBaNY0rW1eef5CYNRMnVP8Loj42BlL+bmoUITaCx4YXOR3zZVHjkqV3XigBpbE6RN30jaa+BrPMbq0UBiINM/GBrYuaKHi+u4l/C0cHUjxAdqh+c6ydWQ/RIvk+8/lYS7/aXE2Y0IO/yAmyFztNfEHlqiRse2XQZIw7suJcRcXaFLqipdRj0nYYtaGNxlA3O3t6yBOA54CLw+fMS5fYS5PosMIUEF8uNgABWrEL2senPOxN8itJhOZl8VcpIi/Tx17LtkhXBkxqljaWddxJoh2zSAs0yBnQK9teL7+Meo+ot6aWwZJiVJ96Dmiv3F25G81F0h/AzKi9XFQwI5rjwjrmSyTGUsruvUEC1/i8FOO33K0+quREfIbYalCMesp5Xevl7tjCPJYMRqxSTJwNow4y6TteNufVPHBdNOXHHhvVcM5h62dWUTe5dUmQ9sYgXus6jI62KvBk+2eCrLfFXf3r07A2hVTc5CF0Zl85wxaesh83Ns1ydSXsOSBOM7Vsc2DbAbpoUOHYrLjbEZnqhTVE9PKYy5tW6d3vn3ofJeq3Cp6DLXnkGvT1WoxXuEw7RYxcAXWhWOxR+c2tXbxel4mLTYm6xFVq4/giU05t8T5X0uK3hdriSVopSiAFCDZI2e/yYmA66mZcIb2k0RU6aaN155u0Xsz86jQ6FcC3gWykC4BRp/jhXeRb5a/nNWdFbvn4bydDbknLzxrmR8GLFkVwJrHmOBqNQQTiMAnDMh9xSs5lgXwEtAT3g/J11NJJWWlvd/5dqQvw2uW7mXl9ibFaq6n84R79fwG7W5ckDz0xKVok93YsXoqgjv6kGB9etJYnIPAxol45gFnfkMdPCokXWXLHrBu7JC0XN9zMvnMh1Nn8zHjCODl5cmfiVAPpbJRLCcD32xYCMoNf/oLu+W5XfSwHxY8mqx2c3ssqytOAwO6rmlgH3zW9BjUwys2J/+T0G3/tHugnK2rE499VCSc9miS3VyDZ2Kox15p/f6EbnlenAkGIpkSnhw3UTTkCDcuMG/RNcuF6Q9FknTrPYFDFxmyJGcEigkcq5Vn2slYumKws9guxIKcSz3K4QFBTexqNhUlfISSyEz7bwmoQPVui1w+yOFhm77CFsuIG6PiB+fU5rpd9RVKE8NBmZ0WdKadFfS0cSiw2FyVHp1pv5/yHIUW74jvXXSrCZvXXsEx+Q3gkidUunDOxzvqdAZ3R7oOLwhcGFdmLjVDd7zq3DabAWDMNCw26+P/6YOA2jxxrJeRVeKBrfIhcA95K/wmFEzUXCxnE10mg5//HRC+GMa5tLHMSTHbHv2W7u3jhiTEdaNWZrNe8Kg9om5zMjGXa+HTAnFAeyPtNawpqOF9c3t1aEm7zmr6xjyi+NiWH8qcmYnuPNsZD88032JcZc7pFuRyOrWHk6YXIMVlMAaWgXtKPzb3zsRc1q0R7XewQ0Zu7hiVYyd88e5qAx/OVbeU03J9unkRFUVj8IvVPkkZ6MXgleGwQOaHvV/QR0qSGAigNrf1/ZnQjygSJkwU4PW7SveTYVHsxItohLF73aVHNh3RUrwG4ugp1/K2iVPD3sOTJ7fcHOkVHca+HtGFAcwIPBqcw7UEbeMbT46xag9+udWmgMrJ+Yo3XLmrzD4+ye2wKHSTuQbZQ7hbqmDSqPu1RSH8gq7L2FmuciFUpdue7U0uDghw7TMH3fCnbQ40DavxWnHkXbEJX7GeXr/8yugD/lwpGs3aMUY3XZ1YuHqJcQ1FoQ38ugStd7lT74PvUhnu7wW2EQuQy+nIh1OhEkTg8iS5OZWJSx+Qtj/XC7diEGiYj/Tgx437YZUGXApWFInGt2TDcH5uSheJgpNmdR4Kh8OwMshMyh/JfCsIEcN3I5nJZthw6avNMdnqRw0Zfw7uyQGIORDiqJHjPqWi+vsMzzJoW541SpZJ4oVzmr6+TtTMTUcxg4tVUHv3IhCYWF9LgGMR8a+7vnKu8Jb+RyO9+d9tQOn27XlGjVAJmN6ZEXzkHuuRdgINjBEAQ61GlKaUXoeunQa4dQSVGuSxI4FtgSQbWCXPWacD86LXCSNyBK9QfvgwUjSmDwB4wfgThTFBhb6nhpeMWuoArJWwVsZ4MOf2KxCSoRrUbRPx2/M7BSex0IRyaIURO958fASo0AM2I2EKQyOsMiX+JikJiWaNHHan1e42XFdGbh7wLpgugTQXrK+wTRJtrI84HZou4VI+g9m7voEdjHvOJ26jt5VF2AeagrUZ7bTsJ4GvFW+Cmvni65BhUUnqxQ+1qHral8o2P0vXar6vJZ0ZM7oCgd00/pumOxB+3WlRp4+p2ww2XN16CSDP/W8ENSIfrBx6gFyS/2e6sioEeGk3XMIfsTzV+vQ35d9qulKjq7sGqSJaZVJmz0qhNZRlb/GbMiARNgiInkn+cOORwIjHZfo2YCigVvkVi+BkSYu2VgEH3YhnB/fkr8gLG6rxvQWtV/ac2BEzeatZnPy//sA98UQSNm0qhnEpfoZ97IaLxZ74wIrgPiaQwAWEUiuNYDgBDP4/7Tieb0ShT2+GNVJKY6VPXYuAScQL1nRwpc3au/tVIG83PZORB52feIb8TdKbJ2Gd7Q+3g039cNarVsXQdJ3Q0p0GXPj1AW46fMbYkimCnNHDS4VEVUGq491ehueP40D/NeB0q+qHPsDoNpQU4F0DJsCP1ozDoIy7lqA1EdrfaDWGOPL8d+TRcYeiQK+i7JWo+2LhnDQ4NFD4sdgtp7k3fx0L5mGkFL+E2dvjUX8jJYX1rSsvcGzaQVvEDlGw6lEalxn3OnR9DnytHEf+9/jDU4SevyoFY6SB3/sMO0vav8bxIX9y9qojgxDY4NhTcuuIrm+UmmZh28tsDHpogGVKzIcmLrCC0bAjLBpeAPrRLHjQEf9hAISdCjIaE/aNTtB5pmVBuTcCcJ8TsRqJFSlrFseO8i5rxuuKZ/pTWzZYVLqis2WxdVN5E/Q8Vnz2Bux4SjQ8MAoVBVy9y6PJVkTkZnklWg3umE/EGBvQyp4+48kp4pk7Njer2OAOIl/jL+sSp3z2dUB6tta7WYL6Rs82SDLtOhp0WN/L701fYu9097QMQ5ppl1v/qEiNBRa/K5ObTIXka6sAFBV6mOWtv/GrlBK9maK+NYVWMWk9FmHLYsRldeCnBPYuDqUU15tIxSN4pfzNXDvueHFK9oCdEIQGjugMPAgVE/SSq803zDKicPCYAKtnhqzQ1DON2/8kdMidaCo6AGtaC8xNiKd5yqS6IIZxwCT5M2CZpLzg77Qr4NN2qFam0IoPlQ7LUeSwF9HY4SHHUFVNH+5OKcZrpXtvfDQlqxPBel100W2/kNOEcDAVED30/RC7NvSKNEL9CGnEw6ah1pVkr7ol3pB1dO3FxsnGwtmj05VPl9pvNw5hy7a+hGscxSWzuUXvu6VeTuSymaRja1m47sC+8zJK5WPddydMDWbFmMaIVeRN/1PAchfl1M76t+6dvdcsTDRDn8/MbSsILGG1uKWVMegDQBPvYw8yyEUsPOKVPyPNDoJxwFWX3KDlJmEWNTjTi9fFf1p4vvyYszPKYL9nb4PgPWoYCv4fO8cOOgNLf0owTLsiusR8m2dy1GUG55Z2ieSBIHwtulTsNjWxLvVSweysbE2fp7XYpA7VCZGVA/CcmzWlqZZgRUlBJGYzXviAh9AUv+vevFqW4+thY77TJOHd5TsPDIIf36dtkTGjzUoiG20Z75VL0VbKllSw2aaag6Z1VttJFPHdOIrHX1M6KASzfsULJ4/6snspzsqDDeejZaA7i943/KWn6vMo/vSH5b4nxVOcl90lZsMyplk4C9KfQFZW0mOC5sdLfKTFEN8nu6qJWHkzegkLtJwc0vtZ99yPheAd0B0uteVViqcS2T+21l6gh912jabuk8/Vg1Z3tWq7Oy4X7qArU4nuSeaviDdSlqeGEZrme6HkcFAxnseD8VWc9wX5Ck34Ic0cfWT6ee4kVGztRb/gd9hxsYUcMs/BpKNAKDGbPj+pcoxx+M7vfr5aEiRXqL8lpX3jhdjfuXbBzeWCHdryJNY8sBNv+p1NwfVa2yWSK2yyzdBBtRZy7MxWFzKpDsfpQBcbj52dVH0pWqfRnvoW8zhh3s1zXU3FFwd1tLBh2C4HHvy6+rl2zGHL8ct01fM945fDbNC+oDtyel35gMHuD7+POrKp6A6PvNrRfe7dNRHxpyJ2seAGevvhHyM4MCTLjXgwnIaSb1a/+I/UxEPliDayzZMhZuIeAVtNghXMRN8d3jFuwUOEF4gRcBMPy3EFdJGHXjHKd4ZHnhBm+iiTdyXhgkL5FctK23uobDOvoNioOzsjUYIl2S7/fUuTB3TLyzjoWmTRsyWs2z/xf0lZUYAvCir6H90M5Vo2G0mFKugu676LFAqDwsBERrXFLQKEUp3PUnkK0ag0UbiEsWb+idIqZ1aUEYxCneQ7mCVT/MxwyQ4GTN7GDuotQvwOqEHAnSd5FpF9232gTl9VHPWmVpticlSYoQhBX4dh8OcP9tniSWUlCAwsQ2+/eKWxM1oGC2Q+4X5qd3LpRlvRQpQL3QlMbWp6TUYEOMw8NcJ1W493NDFzrIZju4oJQ8iM9R0FQYSDddJHU5VW7/u9ceC/OrCAYvd/kO86ffvMlscNoZVWS9dgkzvuamJOSfUZp1dGadC8aExiQzj0WDSnkq4VP51ORO38qt5cg7Pnb/P+bcr0vhCIBsotCmKpatJ+1sgcULq1XrJucb6GzWEdyUJCwueiVLh1Yji2+u4+OFlHTWLkrUjAvUCCdvWfgZJ1/hGMRkYtTeW1ocu5oY+vFIqkQRXGlhky2d7ys+sW+SsLeMr7hcJ+5Jz7kiexf/PxiWBCOxRsF8bWE9b7vPeRHogsLDxpTMxQbsXdwRQV8mMpbNRipvWFkRxXKb28VinQhajkkilZFF0RyidhXgsCxBIEvtYg/gJOdNpj0hI9byEwYMcbTfImfBf6n/DGeYbmPIepXb9V0iWt9KsE3TEqubtj/Rmd2Mb68wpStmEFddieN+UDsVyrD0dqL33deDpQeAN0Hcy2zRpAv18qNadkFhztI3DHwTu+1IdkKaFUaRANY+5piv4MJIMU87PcqwrAyXJgmI0zZGWMEtBRvQn4jI5CAAAFddE4ONemwGDD0oTSPj6Yg9Rg6TQVWpy2yhb/Tt0ahgLINgpECWjo2YPDkaf2CXZIQOMivF1noaRdTJrtnk0F9jSrUYv4b4Aw8Mm+9aTK19zJsHPKUFU1k1YuiQrWPs+emQcPbFgG7RAI2bDLbppbT7JVAN/P7PPKaULZRmbyDQgp1M/vZFDqRf8O4+AQdD50dK4ScPDGSXB2QXBqwA7DY8Dgbv+65gtdago5+NXRnTsW+HI1jMVtJ5Njz78XMDudQ2FDM/ogo85p21Ougkz/oLWc48/GWNm5kF4FucG4eURx14Tg9F4k/leHryP0UmfeO6oO9m+aeI0BnQwWjjup0bbfrLV4UVXhYJ4V8gtCWyY6UaukUzleYElDNfJhhwre6T/E2qbfdL+tajxGOQG5bQHQS6eNeDfOZAYo7B9ZT0pie2lHH6nFppLxB4NzQH5uKbEYQ5pQOEcZl83v986icXPEl92fzI+CzzdeOwIWDtik06nejFlW9x+une+8bpxtFBXQstJ2Th/TLbtDasaSN21r1YQI/6pisFQ4UNinMypqY+QNeAhj/twM9IBhRoecI8uZH/gIWGSCUa/o2UMz+6wfD7LaBvUf+7UOFI8RaazdRHySHRjFfy4zNvbME1H6ShlTIKEQMFpAJ5V2oZ1eEOI5eusQbd4E8/R+xvrUSmOTsOWCZfVXkt8bkUTxiSIkeUr287IbRGgpaKys2zeQkuzoaA1FWdryLu/R09zwtq9eKXSNLBFNZ+3WkdRN42afjqgf+o8WM2joiKK40DnwzmQDSuP3hRR7jgN2je6YLkPgjGEJci1E4gehrozdB1i/vBNyMTcIV1Z+dnsHgMkZb8uQxWGUJLlOFkAxg0Hgun/YfkZO2K9IzsTvO1H/hktdBr5Nv6/MYP0w5ZCcTTFpLNuYPl3Sc9qzRTqqgbM41RNuIAJ2oQbyp5ye65XX4DgEwK/psTIqz9pju2t+ew+tMaKJ42OSq6UqaHdqgS4PUIjuNn39xJ9KpKkNBLgc0OYgVzVAEeYlpF2yLzCtw1wfcQNaHE5HtuM8JQROMOtJTKSpEHW7OSQykoF0i0J42vcC3QiyFcf/Jc7993dFu/+Rj2e7VotNXD3VAB2Afg6tQ++89DqD4KcbVhNcO2jauRtVyc5RgLomrScCUdYvqq78pbOhfVzlQ8S+N4piPawRNY3zUF4DyPS/G2cUMrx1xpcmiCsWqw0Fw7XbR2tLMf4Pje5XkWFNTTcJpxOqahh+4pXT4tq1J2RsBrlYzHmA96u8YKpIs+4wkxNcawuS1eIILqGRzcjbfOsFi2+DsKHY+FVUEqBoAFQsMrVfr8NOSyipLdSjHnQeMb/MqWcP5VexVOdsMUgn/8bV4GXmig685DcTEY/MzfC03Uz7XgkXvWGXG92Plavdd/E8VAtiMuZv+4XTxL5JyuemtpRX0zs8XX54ayTng/UZd3UXPDiIatYIpMpBOtIsxxUBf6USpCn6+l6SGrf9yTHwrKbqurwPlXeJ2SWEpkaDf4Ttb5EXPlinp79tdOJ0d959OQ/BpjR+qQiXwhLkWdlUSRGplaxvTxOGBg57xR7l1FdAEgIX5kjTPqzIOadvny7vhSmGwiEMXeKKnM0Jv5wcK9KboIDZUCNwgCIfW5gBUXa0q3bLF3CVxCKThFK7xBNVpNyEyDyoh4mYNAuEo1v8leKL3u3MgNAWrROym6PCm1u5sgYxFm0HW4WV6albZVma+pzhSAh/xqhqTWsafYeUFQ+ov9f8N+UE8P7vvUYDHFnEHX1SMnOESWl5miuDC3fh9fFkjQPjsS9+bQTHspylG+qKXHPdJEiLr6IKXy4z5BAhe5Q4b14rV//qJTs+OJiePuFpOZGXiQP5ugEKi2YzbV7oVoPbcLwxNXvf6TQhxH3r9ySG2jHJt8gIttYjLJ72mxIbAVAuSq13RzBFdhJaJFDfnGBFYYNoCuE6Y6fQSR59nLC/zWWowS8MY0p6dSKurlSltdDZDBuiu03EYFi5X436h2E4lCApKs3KoyqwC0wdCAwzVQ4JlgKYfFHiwO3XMl7gdYewsQ+bVp3RfEMrF4EnIy3Ni8u+b9c9JkfUjV+i9EY+kolTGHUxEHSbHM70vJXBuaWL8NwkQEEy04v0W+uuNzPOltZGbipUJTrnn3Q/QjVY6e1nM1h3ROZzRebDok7hukeeh6yw8ZkNqmyvGQ7IRKt2WoESUxdKN1GIB2hydEqW+tZuwmaEOGvJo48V1GzdKToJMpct7PXgRfYLTQqnT9N53YBm1K72q9hpwF7iZ/Voi+N9WEB9eBBsu2vE7Y8xIjMRTxhZs6NYwdP4T5tv7f54mtlmEGJWjFa9wiuzwqykckno1+7n+yeydf1ZmkPrDp9QMz+pg0lWBTvrta0T61', 'containerd://1.6.4', '', '10.233.64.0/24', '', '', 1, 1, '192.168.3.11', 4, 67403706.368);
COMMIT;

-- ----------------------------
-- Table structure for hosts
-- ----------------------------
DROP TABLE IF EXISTS `hosts`;
CREATE TABLE `hosts` (
  `id` bigint unsigned NOT NULL AUTO_INCREMENT,
  `created_at` datetime NOT NULL,
  `updated_at` datetime NOT NULL,
  `ip` varchar(191) CHARACTER SET utf8mb4 COLLATE utf8mb4_general_ci NOT NULL,
  `label` varchar(128) CHARACTER SET utf8mb4 COLLATE utf8mb4_general_ci DEFAULT NULL,
  `remark` varchar(128) CHARACTER SET utf8mb4 COLLATE utf8mb4_general_ci DEFAULT NULL,
  `port` bigint NOT NULL,
  `username` varchar(191) CHARACTER SET utf8mb4 COLLATE utf8mb4_general_ci DEFAULT NULL,
  `auth_method` tinyint DEFAULT NULL,
  `password` varchar(191) CHARACTER SET utf8mb4 COLLATE utf8mb4_general_ci DEFAULT NULL,
  `secret` varchar(191) CHARACTER SET utf8mb4 COLLATE utf8mb4_general_ci DEFAULT NULL,
  `status` tinyint(1) NOT NULL,
  `enable_ssh` tinyint(1) NOT NULL,
  PRIMARY KEY (`id`)
) ENGINE=InnoDB AUTO_INCREMENT=21 DEFAULT CHARSET=utf8mb4 COLLATE=utf8mb4_general_ci;

-- ----------------------------
-- Records of hosts
-- ----------------------------
BEGIN;
INSERT INTO `hosts` VALUES (1, '2022-11-09 12:04:08', '2022-11-09 12:04:08', '192.168.3.86', '测试,哈哈', '3.86', 22, 'root', 1, 'password', '', 1, 1);
INSERT INTO `hosts` VALUES (2, '2022-11-09 12:05:37', '2022-11-09 12:05:37', '192.168.3.128', 'nginx,dns', '128', 22, 'root', 1, 'password', '', 1, 1);
INSERT INTO `hosts` VALUES (4, '2022-11-09 15:06:35', '2022-11-09 15:06:35', '192.168.3.1', 'k8s,master', '', 22, 'root', 1, 'password', '', 1, 1);
INSERT INTO `hosts` VALUES (5, '2022-11-09 15:07:53', '2022-11-09 15:07:53', '192.168.3.2', 'k8s,master,master1', '', 22, 'root', 1, 'password', '', 1, 1);
INSERT INTO `hosts` VALUES (6, '2022-11-09 15:08:09', '2022-11-09 15:08:09', '192.168.3.3', 'k8s,master', '', 22, 'root', 1, 'password', '', 1, 1);
INSERT INTO `hosts` VALUES (7, '2022-11-09 15:08:42', '2022-11-09 15:08:42', '192.168.3.10', 'k8s,node', '', 22, 'yl', 1, '1', '', 1, 1);
INSERT INTO `hosts` VALUES (8, '2022-11-09 15:08:57', '2022-11-09 15:08:57', '192.168.3.11', 'k8s,node', '', 22, 'yl', 1, '1', '', 1, 1);
INSERT INTO `hosts` VALUES (9, '2022-11-09 15:09:48', '2022-11-09 15:09:48', '192.168.3.12', 'k8s,node', '', 22, 'root', 1, 'password', '', 1, 1);
INSERT INTO `hosts` VALUES (10, '2022-11-09 15:10:02', '2022-11-09 15:10:02', '192.168.3.14', 'k8s,node', '', 22, 'root', 1, 'password', '', 1, 1);
INSERT INTO `hosts` VALUES (11, '2022-11-09 15:10:19', '2022-11-09 15:10:19', '192.168.3.104', 'k8s,node', '', 22, 'yl', 1, '1', '', 1, 1);
INSERT INTO `hosts` VALUES (12, '2022-11-09 15:11:07', '2022-11-09 15:11:07', '192.168.3.106', 'k8s,node', '', 22, 'root', 1, '1', '', 1, 1);
INSERT INTO `hosts` VALUES (13, '2022-11-09 15:11:29', '2022-11-09 15:11:29', '192.168.3.107', 'k8s,node', '', 22, 'root', 1, 'password', '', 1, 1);
INSERT INTO `hosts` VALUES (14, '2022-11-09 15:18:21', '2022-11-09 15:18:21', '192.168.3.109', 'k8s,node', '', 22, 'root', 1, 'password', '', 1, 1);
INSERT INTO `hosts` VALUES (17, '2022-12-15 18:40:23', '2022-12-15 18:40:23', '192.168.2.66', '', '', 22, 'lei', 1, '0000', '', 1, 1);
INSERT INTO `hosts` VALUES (20, '2022-12-23 11:27:13', '2022-12-23 11:27:13', '192.168.3.129', '', '', 22, 'root', 1, 'password', '', 1, 1);
COMMIT;

-- ----------------------------
-- Table structure for menus
-- ----------------------------
DROP TABLE IF EXISTS `menus`;
CREATE TABLE `menus` (
  `id` bigint unsigned NOT NULL AUTO_INCREMENT,
  `created_at` datetime NOT NULL,
  `updated_at` datetime NOT NULL,
  `status` tinyint(1) NOT NULL DEFAULT '1' COMMENT '状态(1:启用 2:不启用)',
  `memo` varchar(128) CHARACTER SET utf8mb4 COLLATE utf8mb4_general_ci DEFAULT NULL COMMENT '备注',
  `parentID` bigint unsigned NOT NULL COMMENT '父级ID',
  `path` varchar(128) CHARACTER SET utf8mb4 COLLATE utf8mb4_general_ci DEFAULT NULL COMMENT '菜单URL',
  `component` varchar(256) CHARACTER SET utf8mb4 COLLATE utf8mb4_general_ci DEFAULT NULL COMMENT '前端组件位置',
  `redirect` varchar(256) CHARACTER SET utf8mb4 COLLATE utf8mb4_general_ci DEFAULT NULL,
  `name` varchar(128) CHARACTER SET utf8mb4 COLLATE utf8mb4_general_ci NOT NULL COMMENT '菜单名称',
  `sequence` bigint NOT NULL COMMENT '排序值',
  `menuType` tinyint(1) NOT NULL COMMENT '菜单类型(1 左侧菜单,2 按钮, 3 非展示权限)',
  `icon` varchar(32) CHARACTER SET utf8mb4 COLLATE utf8mb4_general_ci DEFAULT NULL COMMENT 'icon图标',
  `method` varchar(32) CHARACTER SET utf8mb4 COLLATE utf8mb4_general_ci NOT NULL COMMENT '操作类型 none/GET/POST/PUT/DELETE',
  `code` varchar(128) CHARACTER SET utf8mb4 COLLATE utf8mb4_general_ci NOT NULL COMMENT '前端判断权限的code标志',
  `isLink` varchar(256) COLLATE utf8mb4_general_ci DEFAULT '' COMMENT '开启外链条件',
  `isHide` tinyint(1) DEFAULT '0' COMMENT '菜单是否隐藏',
  `isKeepAlive` tinyint(1) DEFAULT '1' COMMENT '菜单是否缓存',
  `isAffix` tinyint DEFAULT '0' COMMENT '菜单是否固定（固定在 tagsView 中，不可进行关闭），右键菜单无 `关闭` 项',
  `isIframe` tinyint(1) DEFAULT '0' COMMENT '是否内嵌,开启条件，`1、isIframe: true 2、链接地址不为空（meta.isLink）`',
  `title` varchar(256) CHARACTER SET utf8mb4 COLLATE utf8mb4_general_ci DEFAULT NULL COMMENT '标题',
  `group` varchar(255) COLLATE utf8mb4_general_ci NOT NULL DEFAULT '' COMMENT 'f分驻',
  `isK8S` tinyint(1) DEFAULT '0' COMMENT 'k8s子路由',
  PRIMARY KEY (`id`)
) ENGINE=InnoDB AUTO_INCREMENT=1667235398 DEFAULT CHARSET=utf8mb4 COLLATE=utf8mb4_general_ci;

-- ----------------------------
-- Records of menus
-- ----------------------------
BEGIN;
INSERT INTO `menus` VALUES (1667235310, '2022-10-29 15:26:46', '2023-04-01 17:08:11', 1, '系统设置', 0, '/system', 'layout/routerView/parent', '/system/menu', 'system', 97, 1, 'iconfont icon-xitongshezhi', '', '', '', 0, 1, 0, 0, 'message.router.system', '', 0);
INSERT INTO `menus` VALUES (1667235311, '2022-10-29 15:32:06', '2023-03-29 17:08:00', 1, '用户管理', 1667235310, '/system/user', 'system/user/index', NULL, 'systemuser', 10, 1, 'iconfont icon-icon-', '', '', NULL, 0, 1, 0, 0, 'message.router.systemUser', '', 0);
INSERT INTO `menus` VALUES (1667235312, '2022-10-29 15:32:29', '2023-03-30 20:16:54', 1, '角色管理', 1667235310, '/system/role', 'system/role/index', NULL, 'systemRole', 9, 1, 'iconfont icon-icon-', '', '', '', 0, 0, 0, 0, 'message.router.systemRole', '', 0);
INSERT INTO `menus` VALUES (1667235313, '2022-10-29 15:33:01', '2022-11-08 11:34:51', 1, '菜单权限', 1667235310, '/system/menu', 'system/menu/index', NULL, 'systemMenu', 8, 1, 'iconfont icon-caidan', '', '', NULL, 0, 0, 0, 0, 'message.router.systemMenu', '', 0);
INSERT INTO `menus` VALUES (1667235314, '2022-10-29 15:35:33', '2023-04-01 17:07:51', 1, '首页', 0, '/home', 'home/index', '', 'home', 100, 1, 'iconfont icon-shouye', '', '', '', 0, 1, 1, 0, 'message.router.home', '', 0);
INSERT INTO `menus` VALUES (1667235315, '2022-10-29 15:40:32', '2023-03-30 18:08:56', 1, '添加用户按钮', 1667235311, '/api/v1/user', NULL, NULL, '添加用户', 10, 2, '', 'POST', 'sys:user:add', NULL, 0, 1, 0, 0, NULL, '', 0);
INSERT INTO `menus` VALUES (1667235316, '2022-10-29 15:41:28', '2023-03-31 11:16:48', 1, '删除用户按钮', 1667235311, '/api/v1/user/:id', NULL, NULL, '删除用户', 8, 2, '', 'DELETE', 'sys:user:del', NULL, 0, 1, 0, 0, NULL, '', 0);
INSERT INTO `menus` VALUES (1667235317, '2022-10-29 15:42:04', '2023-03-31 11:31:23', 1, '编辑用户按钮', 1667235311, '/api/v1/user', NULL, NULL, '编辑用户', 8, 2, '', 'PUT', 'sys:user:edit', NULL, 0, 1, 0, 0, NULL, '', 0);
INSERT INTO `menus` VALUES (1667235318, '2022-10-29 15:43:33', '2023-05-14 15:24:10', 1, '查看基础权限', 1667235311, '/api/v1/user*|/api/v1/role*', NULL, NULL, '基础权限', 11, 3, '', 'GET', '', NULL, 0, 1, 0, 0, NULL, 'user', 0);
INSERT INTO `menus` VALUES (1667235319, '2022-10-29 15:50:04', '2023-03-31 16:36:32', 1, '查看基础权限', 1667235312, '/api/v1/role*|/api/v1/menu*', '', NULL, '基础权限', 10, 3, '', 'GET', '', '', 0, 1, 0, 0, '', 'role', 0);
INSERT INTO `menus` VALUES (1667235320, '2022-10-29 15:50:42', '2023-03-31 16:36:41', 1, '查看基础权限', 1667235313, '/api/v1/menu*', '', NULL, '基础权限', 10, 3, '', 'GET', '', '', 0, 1, 0, 0, '', 'menu', 0);
INSERT INTO `menus` VALUES (1667235321, '2022-10-29 15:52:23', '2023-03-31 11:32:15', 1, '添加按钮权限', 1667235312, '/api/v1/role', NULL, NULL, '添加角色', 9, 2, '', 'POST', 'sys:role:add', NULL, 0, 1, 0, 0, NULL, '', 0);
INSERT INTO `menus` VALUES (1667235322, '2022-10-29 15:52:53', '2023-03-31 11:32:18', 1, '编辑角色按钮权限', 1667235312, '/api/v1/role/:id', NULL, NULL, '编辑角色', 8, 2, '', 'PUT', 'sys:role:edit', NULL, 0, 1, 0, 0, NULL, '', 0);
INSERT INTO `menus` VALUES (1667235323, '2022-10-29 15:53:19', '2023-03-31 11:32:23', 1, '删除角色按钮权限', 1667235312, '/api/v1/role/:id', NULL, NULL, '删除角色', 7, 2, '', 'DELETE', 'sys:role:del', NULL, 0, 1, 0, 0, NULL, '', 0);
INSERT INTO `menus` VALUES (1667235324, '2022-10-29 15:54:36', '2023-03-31 11:32:20', 1, '角色分配权限按钮', 1667235312, '/api/v1/role/:id/menus', NULL, NULL, '分配权限按钮', 7, 2, '', 'POST', 'sys:role:set', NULL, 0, 1, 0, 0, NULL, '', 0);
INSERT INTO `menus` VALUES (1667235325, '2022-10-29 15:58:43', '2023-03-31 11:14:54', 1, '添加按钮权限按钮', 1667235313, '/api/v1/menu', NULL, NULL, '添加按钮', 7, 2, '', 'POST', 'sys:menu:add', NULL, 0, 1, 0, 0, NULL, '', 0);
INSERT INTO `menus` VALUES (1667235326, '2022-10-29 15:59:58', '2023-03-31 11:14:58', 1, '删除按钮权限按钮', 1667235313, '/api/v1/menu/:id', NULL, NULL, '删除按钮', 7, 2, '', 'DELETE', 'sys:menu:del', NULL, 0, 1, 0, 0, NULL, '', 0);
INSERT INTO `menus` VALUES (1667235327, '2022-10-29 16:00:18', '2023-03-31 11:14:56', 1, '编辑按钮权限按钮', 1667235313, '/api/v1/menu/:id', NULL, NULL, '编辑', 7, 2, '', 'PUT', 'sys:menu:edit', NULL, 0, 1, 0, 0, NULL, '', 0);
INSERT INTO `menus` VALUES (1667235328, '2022-10-29 16:01:15', '2023-03-31 11:31:25', 1, '分配角色按钮', 1667235311, '/api/v1/user/:id/roles', NULL, NULL, '分配角色', 6, 2, '', 'POST', 'sys:user:set', NULL, 0, 1, 0, 0, NULL, '', 0);
INSERT INTO `menus` VALUES (1667235332, '2022-11-06 11:06:50', '2023-04-25 15:15:18', 1, '测试api', 1667235313, '/api/v1/menu/:id/test', NULL, NULL, '测试api', 1, 3, '', 'PUT', '', NULL, 0, 1, 0, 0, NULL, 'test', 0);
INSERT INTO `menus` VALUES (1667235333, '2022-11-06 14:29:05', '2023-03-29 16:42:36', 1, '允许所有接口GET', 0, '/api/v1/*', NULL, NULL, '基础权限', 1, 3, '', 'POST', '', NULL, 0, 1, 0, 0, NULL, 'default', 0);
INSERT INTO `menus` VALUES (1667235334, '2022-11-06 16:27:57', '2023-03-31 11:15:01', 1, '启用禁用按钮', 1667235313, '/api/v1/menu/:id/status/:status', NULL, NULL, '启停', 1, 2, '', 'PUT', 'sys:menu:status', NULL, 0, 1, 0, 0, NULL, '', 0);
INSERT INTO `menus` VALUES (1667235335, '2022-11-07 17:44:07', '2023-03-31 11:31:20', 1, '启用停用', 1667235311, '/api/v1/user/:id/status/:status', NULL, NULL, '启用停用', 1, 2, '', 'PUT', 'sys:user:status', NULL, 0, 1, 0, 0, NULL, '', 0);
INSERT INTO `menus` VALUES (1667235336, '2022-11-07 18:10:33', '2023-03-31 11:32:26', 1, '启用禁用角色', 1667235312, '/api/v1/role/:id/status/:status', NULL, NULL, '启用禁用', 1, 2, '', 'PUT', 'sys:role:status', NULL, 0, 1, 0, 0, NULL, '', 0);
INSERT INTO `menus` VALUES (1667235338, '2022-11-08 13:44:48', '2023-03-30 18:08:36', 2, '资产管理', 0, '/asset', 'layout/routerView/parent', NULL, '资产管理', 4, 1, 'iconfont icon-icon-', '', '', NULL, 0, 1, 0, 0, NULL, '', 0);
INSERT INTO `menus` VALUES (1667235339, '2022-11-08 13:45:39', '2023-05-14 15:18:13', 1, 'kubernetes容器管理', 0, '/kubernetes', 'layout/routerView/parent', '/kubernetes/cluster', 'kubernetes', 98, 1, 'iconfont icon-kubernetes', '', '', '', 0, 1, 0, 0, 'message.router.kubernetes', '', 0);
INSERT INTO `menus` VALUES (1667235340, '2022-11-08 13:47:00', '2022-11-16 14:28:34', 2, '主机管理', 1667235338, '/asset/host', 'asset/host', NULL, '主机管理', 1, 1, 'iconfont icon-icon-', '', '', NULL, 0, 1, 0, 0, NULL, '', 0);
INSERT INTO `menus` VALUES (1667235341, '2022-11-09 10:14:15', '2023-03-29 17:07:08', 1, '添加主机', 1667235340, '/api/v1/host', NULL, NULL, '添加', 1, 2, '', 'POST', 'asset:host:add', NULL, 0, 1, 0, 0, NULL, '', 0);
INSERT INTO `menus` VALUES (1667235342, '2022-11-09 10:14:56', '2023-03-29 17:07:04', 1, '删除', 1667235340, '/api/v1/host/:id', NULL, NULL, '删除', 1, 2, '', 'DELETE', 'asset:host:del', NULL, 0, 1, 0, 0, NULL, '', 0);
INSERT INTO `menus` VALUES (1667235343, '2022-11-09 10:16:01', '2023-03-29 17:07:12', 1, 'Terminal', 1667235340, '/api/v1/host/:id/ws', NULL, NULL, 'SSH', 1, 2, '', 'GET', 'asset:host:ssh', NULL, 0, 1, 0, 0, NULL, '', 0);
INSERT INTO `menus` VALUES (1667235344, '2022-11-09 10:16:36', '2023-03-29 16:42:32', 1, '基础权限', 1667235340, '/api/v1/host*', NULL, NULL, '基础权限', 1, 3, '', 'GET', '', NULL, 0, 1, 0, 0, NULL, 'host', 0);
INSERT INTO `menus` VALUES (1667235346, '2022-12-07 17:49:15', '2023-05-14 15:23:32', 1, 'deployment', 1667235395, '/kubernetes/workload/deployment', 'kubernetes/deployment/index', '', 'k8sDeployment', 10, 1, '', '', '', '', 0, 0, 0, 0, 'message.router.k8sDeployment', '', 0);
INSERT INTO `menus` VALUES (1667235347, '2022-12-27 16:11:11', '2022-12-27 16:11:11', 2, 'k8s:deploy:delete', 1667235346, '/namespace/:name', NULL, NULL, '删除', 1, 2, '', 'DELETE', 'k8s:deploy:delete', NULL, 0, 1, 0, 0, NULL, '', 0);
INSERT INTO `menus` VALUES (1667235348, '2023-03-21 20:12:40', '2023-05-14 15:14:55', 1, 'pods', 1667235395, '/kubernetes/workload/pod', 'kubernetes/pod/index', '', 'k8sPod', 1, 1, '', '', '', '', 0, 0, 0, 0, 'message.router.k8sPod', '', 1);
INSERT INTO `menus` VALUES (1667235355, '2023-03-29 22:36:47', '2023-03-30 10:33:28', 1, 'API管理', 1667235310, '/system/commService', 'system/commService/index', NULL, 'systemApi', 1, 1, 'iconfont icon-shouye_dongtaihui', '', '', '', 0, 0, 0, 0, 'message.router.systemApi', '', 0);
INSERT INTO `menus` VALUES (1667235357, '2023-03-30 21:18:40', '2023-03-30 21:18:40', 1, 'limit', 0, '/limits', 'layout/routerView/parent', NULL, 'limits', 1, 1, 'iconfont icon-quanxian', '', '', '', 0, 0, 0, 0, 'message.router.limits', '', 0);
INSERT INTO `menus` VALUES (1667235358, '2023-03-30 21:20:28', '2023-03-30 21:20:28', 1, 'BackEnd', 1667235357, '/limits/backEnd', 'layout/routerView/parent', NULL, 'limitsBackEnd', 1, 1, '', '', '', '', 0, 1, 0, 0, 'message.router.limitsBackEnd', '', 0);
INSERT INTO `menus` VALUES (1667235359, '2023-03-30 21:22:49', '2023-03-30 21:22:49', 1, 'limitsBackEndEndPage', 1667235358, '/limits/backEnd/page', 'limits/backEnd/page/index', NULL, 'limitsBackEndEndPage', 1, 1, '', '', '', '', 0, 1, 0, 0, 'message.router.limitsBackEndEndPage', '', 0);
INSERT INTO `menus` VALUES (1667235360, '2023-03-30 21:24:26', '2023-03-30 21:56:02', 1, '功能', 0, '/fun', 'layout/routerView/parent', NULL, 'funIndex', 1, 1, 'iconfont icon-crew_feature', '', '', '', 0, 1, 0, 0, 'message.router.funIndex', '', 0);
INSERT INTO `menus` VALUES (1667235361, '2023-03-30 21:25:48', '2023-03-30 21:25:48', 1, 'funTagsView', 1667235360, '/fun/tagsView', 'fun/tagsView/index', NULL, 'funTagsView', 1, 1, 'ele-Bell', '', '', '', 0, 1, 0, 0, 'message.router.funTagsView', '', 0);
INSERT INTO `menus` VALUES (1667235362, '2023-03-30 21:29:23', '2023-03-30 21:29:23', 1, '大屏', 0, '/chart', 'chart/index', NULL, 'chartIndex', 8, 1, 'iconfont icon-ico_shuju', '', '', '', 0, 0, 0, 0, 'message.router.chartIndex', '', 0);
INSERT INTO `menus` VALUES (1667235363, '2023-03-30 21:30:53', '2023-03-30 21:30:53', 1, '个人中心', 0, '/personal', 'personal/index', NULL, 'personal', 6, 1, 'iconfont icon-gerenzhongxin', '', '', '', 0, 0, 0, 0, 'message.router.personal', '', 0);
INSERT INTO `menus` VALUES (1667235364, '2023-03-30 21:31:53', '2023-03-30 21:31:53', 1, '工具中心', 0, '/tools', 'ools/index', NULL, 'tools', 6, 1, 'iconfont icon-gongju', '', '', '', 0, 0, 0, 0, 'message.router.tools', '', 0);
INSERT INTO `menus` VALUES (1667235365, '2023-03-30 21:33:17', '2023-03-30 21:33:17', 1, '外链接', 0, '/link', 'layout/routerView/link', NULL, 'layoutLinkView', 6, 1, 'iconfont icon-caozuo-wailian', '', '', 'https://www.baidu.com', 0, 0, 0, 0, 'message.router.layoutLinkView', '', 0);
INSERT INTO `menus` VALUES (1667235366, '2023-03-30 21:34:46', '2023-04-14 13:54:53', 1, 'grafana', 0, '/iframes', 'layout/routerView/iframe', '', 'layoutIfameView', 6, 1, 'iconfont icon-neiqianshujuchucun', '', '', 'http://192.168.3.120:3000', 0, 0, 0, 1, 'message.router.grafana', '', 0);
INSERT INTO `menus` VALUES (1667235367, '2023-03-30 22:03:09', '2023-03-31 16:54:19', 1, '部门管理', 1667235310, '/system/dept', 'system/dept/index', NULL, 'systemDept', 44, 1, 'ele-Basketball', '', '', '', 0, 0, 0, 0, 'message.router.systemDept', '', 0);
INSERT INTO `menus` VALUES (1667235368, '2023-03-30 22:05:56', '2023-03-31 16:53:29', 1, '字典管理', 1667235310, '/system/dic', 'system/dic/index', NULL, 'systemDic', 44, 1, 'ele-Basketball', '', '', '', 0, 0, 0, 0, 'message.router.systemDic', '', 0);
INSERT INTO `menus` VALUES (1667235369, '2023-03-30 22:14:22', '2023-03-30 22:14:22', 1, '数字滚动', 1667235360, '/fun/countup', 'fun/countup/index', NULL, 'funCountup', 1, 1, '', '', '', '', 0, 1, 0, 0, 'message.router.funCountup', '', 0);
INSERT INTO `menus` VALUES (1667235370, '2023-03-30 22:15:41', '2023-03-30 22:15:41', 1, '数字滚动', 1667235360, '/fun/wangEditor', 'fun/wangEditor/index', NULL, 'funWangEditor', 1, 1, 'ele-AlarmClock', '', '', '', 0, 1, 0, 0, 'message.router.funWangEditor', '', 0);
INSERT INTO `menus` VALUES (1667235372, '2023-03-31 14:55:13', '2023-03-31 15:02:46', 1, '添加', 1667235355, '/api/v1/menu', '', NULL, '', 1, 2, '', 'POST', 'sys:commService:add', '', 0, 1, 0, 0, '', '', 0);
INSERT INTO `menus` VALUES (1667235373, '2023-03-31 15:03:23', '2023-03-31 15:07:24', 1, '删除API', 1667235355, '/api/v1/menu/:id', '', NULL, '', 1, 2, '', 'DELETE', 'sys:commService:del', '', 0, 1, 0, 0, '', '', 0);
INSERT INTO `menus` VALUES (1667235374, '2023-03-31 16:45:01', '2023-03-31 16:51:27', 1, '查看基础权限', 1667235313, '/api/v1/menu/test', '', NULL, '基础权限', 10, 3, '', 'GET', '', '', 0, 1, 0, 0, '', 'menu', 0);
INSERT INTO `menus` VALUES (1667235375, '2023-03-31 22:17:26', '2023-05-14 15:11:21', 1, 'dashboard', 1667235339, '/kubernetes/dashboard', 'kubernetes/dashboard/index', '', 'kubernetesDashboard', 89, 1, '', 'GET', '', '', 1, 0, 0, 0, 'message.router.kubernetesDashboard', '', 1);
INSERT INTO `menus` VALUES (1667235376, '2023-03-31 22:45:49', '2023-05-14 15:11:53', 1, 'kubernetes集群', 1667235339, '/kubernetes/cluster', 'kubernetes/cluster/index', '', 'kubernetesCluster', 92, 1, '', 'GET', '', '', 0, 1, 0, 0, 'message.router.kubernetesCluster', '', 1);
INSERT INTO `menus` VALUES (1667235377, '2023-04-01 16:45:47', '2023-05-14 15:11:05', 1, 'Node节点', 1667235339, '/kubernetes/node', 'kubernetes/node/index', '', 'k8sNode', 81, 1, '', 'GET', '', '', 0, 0, 0, 0, 'message.router.k8sNode', '', 1);
INSERT INTO `menus` VALUES (1667235378, '2023-04-05 17:30:24', '2023-04-05 20:08:12', 1, 'k8sDeploymentDetail', 1667235346, '/kubernetes/deployment/:name/detail', 'kubernetes/deployment/detail/index', '', 'k8sDeploymentDetail', 1, 1, '', 'GET', '', '', 1, 0, 0, 0, 'message.router.k8sDeploymentDetail', '', 1);
INSERT INTO `menus` VALUES (1667235379, '2023-04-05 22:11:41', '2023-04-05 22:12:49', 1, 'pod日志', 1667235348, '/kubernetes/pod/log', 'kubernetes/pod/log/index', '', 'podLog', 10, 1, '', 'GET', '', '', 1, 0, 0, 0, 'message.router.podLog', '', 1);
INSERT INTO `menus` VALUES (1667235380, '2023-04-06 21:02:56', '2023-04-06 21:02:56', 1, 'podShell', 1667235348, '/kubernetes/pod/shell', 'kubernetes/pod/shell/index', '', 'podShell', 1, 1, '', 'GET', '', '', 1, 1, 0, 0, 'message.router.podShell', '', 1);
INSERT INTO `menus` VALUES (1667235381, '2023-04-07 19:23:42', '2023-04-17 16:22:17', 1, '创建deployment', 1667235346, '/kubernetes/deployment/create', 'kubernetes/deployment/create/index', '', 'deploymentCreate', 1, 1, '', 'GET', '', '', 1, 0, 0, 0, 'message.router.deploymentCreate', '', 1);
INSERT INTO `menus` VALUES (1667235382, '2023-04-14 15:24:19', '2023-04-14 15:29:05', 1, 'kibana', 0, '/kibana', 'layout/routerView/iframe', '', 'layoutIfameGrafana', 6, 1, 'iconfont icon-putong', '', '', 'http://192.168.3.130:5601/server/dashboards#/view/72383cd0-0a37-11ec-ada7-fb8814d13cc8?_g=(filters:!(),refreshInterval:(pause:!t,value:0),time:(from:now-15m,to:now))', 0, 0, 0, 1, 'message.router.kibana', '', 0);
INSERT INTO `menus` VALUES (1667235383, '2023-04-18 17:08:07', '2023-04-18 17:08:07', 1, '监控', 0, '/monitor', 'layout/routerView/parent', '/monitor/host', 'monitor', 99, 1, 'iconfont icon-putong', 'GET', '', '', 0, 1, 0, 0, 'message.router.monitor', '', 0);
INSERT INTO `menus` VALUES (1667235384, '2023-04-18 17:10:30', '2023-04-18 17:58:29', 1, '主机监控', 1667235383, '/monitor/host', 'layout/routerView/iframe', '', 'monitorHost', 98, 1, '', 'GET', '', 'http://192.168.3.120:3000/d/u4bLF3cnz/fu-wu-qi-ji-chu-xin-xi?orgId=1&var-job=All&var-hostname=iZbp1i0pbbmo42yyyztn3mZ&var-instance=172.16.10.2:9100&var-show_hostname=iZbp1i0pbbmo42yyyztn3mZ&kiosk', 0, 0, 0, 1, 'message.router.monitorHost', '', 0);
INSERT INTO `menus` VALUES (1667235385, '2023-04-18 17:17:10', '2023-04-18 17:40:02', 1, 'SSL证书监控', 1667235383, '/monitor/ssl', 'layout/routerView/iframe', '', 'monitorSSL', 99, 1, '', 'GET', '', 'http://192.168.3.120:3000/d/r8eWoHpGz/ssl-certificate-monitor?orgId=1&kiosk', 0, 0, 0, 1, 'message.router.monitorSSL', '', 0);
INSERT INTO `menus` VALUES (1667235386, '2023-04-18 17:25:13', '2023-04-18 17:40:12', 1, '阿里云流量访问看板', 1667235383, '/monitor/aliyunVistor', 'layout/routerView/iframe', '', 'monitorHost', 95, 1, '', 'GET', '', 'http://192.168.3.130:5601/server/dashboards#/view/72383cd0-0a37-11ec-ada7-fb8814d13cc8?_g=(filters:!(),refreshInterval:(pause:!t,value:0),time:(from:now-15m,to:now))', 0, 0, 0, 1, 'message.router.monitorAliyunVistor', '', 0);
INSERT INTO `menus` VALUES (1667235387, '2023-05-04 13:47:57', '2023-05-04 13:48:06', 1, 'podDetail', 1667235348, '/kubernetes/pod/detail', 'kubernetes/pod/detail', '', 'podDetail', 1, 1, '', 'GET', '', '', 1, 0, 0, 0, 'message.router.podDetail', '', 1);
INSERT INTO `menus` VALUES (1667235388, '2023-05-05 13:44:28', '2023-05-05 13:49:39', 1, 'nodeDetail', 1667235377, '/kubernetes/node/detail', 'kubernetes/node/detail', '', 'nodeDetail', 1, 1, '', 'GET', '', '', 1, 0, 0, 0, 'message.router.nodeDetail', '', 1);
INSERT INTO `menus` VALUES (1667235389, '2023-05-09 11:43:13', '2023-05-14 15:11:30', 1, 'namespace', 1667235339, '/kubernetes/namespace', 'kubernetes/namespace/index', '', 'k8sNamespace', 88, 1, '', 'GET', '', '', 0, 0, 0, 0, 'message.router.k8sNamespace', '', 1);
INSERT INTO `menus` VALUES (1667235390, '2023-05-09 17:00:13', '2023-05-14 15:21:00', 1, 'k8sService', 1667235396, '/kubernetes/k8sNetwork/service', 'kubernetes/service/index', '', 'k8sService', 10, 1, '', 'GET', '', '', 0, 0, 0, 0, 'message.router.k8sService', '', 1);
INSERT INTO `menus` VALUES (1667235391, '2023-05-09 17:01:06', '2023-05-14 15:16:46', 1, 'k8sIngress', 1667235396, '/kubernetes/k8sNetwork/ingress', 'kubernetes/ingress/index', '', 'k8sIngress', 9, 1, '', 'GET', '', '', 0, 0, 0, 0, 'message.router.k8sIngress', '', 1);
INSERT INTO `menus` VALUES (1667235392, '2023-05-09 17:01:52', '2023-05-14 15:17:06', 1, 'k8sConfigmap', 1667235397, '/kubernetes/k8sConfig/configmap', 'kubernetes/configmap/index', '', 'k8sConfigmap', 8, 1, '', 'GET', '', '', 0, 0, 0, 0, 'message.router.k8sConfigmap', '', 1);
INSERT INTO `menus` VALUES (1667235393, '2023-05-09 17:02:12', '2023-05-14 15:23:49', 1, 'k8sSecret', 1667235397, '/kubernetes/k8sConfig/secret', 'kubernetes/secret/index', '', 'k8sSecret', 7, 1, '', 'GET', '', '', 0, 0, 0, 0, 'message.router.k8sSecret', '', 1);
INSERT INTO `menus` VALUES (1667235394, '2023-05-11 15:21:19', '2023-05-11 15:21:19', 1, 'k8sServiceDetail', 1667235390, '/kubernetes/service/detail', 'kubernetes/service/detail/index', '', 'k8sServiceDetail', 1, 1, '', 'GET', '', '', 1, 0, 0, 0, 'message.router.k8sServiceDetail', '', 1);
INSERT INTO `menus` VALUES (1667235395, '2023-05-14 14:45:22', '2023-05-14 15:15:30', 1, '工作负载', 1667235339, '/kubernetes/workload', 'layout/routerView/parent', '/kubernetes/workload/deployment', 'kubernetes', 78, 1, 'iconfont icon-shuxingtu', '', '', '', 0, 1, 0, 0, 'message.router.k8sWorkload', '', 1);
INSERT INTO `menus` VALUES (1667235396, '2023-05-14 14:51:13', '2023-05-14 15:21:13', 1, '网络', 1667235339, '/kubernetes/k8sNetwork', 'layout/routerView/parent', '/kubernetes/k8sNetwork/service', 'k8sNetwork', 77, 1, 'iconfont icon-diqiu1', '', '', '', 0, 1, 0, 0, 'message.router.k8sNetwork', '', 1);
INSERT INTO `menus` VALUES (1667235397, '2023-05-14 14:53:06', '2023-05-14 15:19:17', 1, '配置', 1667235339, '/kubernetes/k8sConfig', 'layout/routerView/parent', '/kubernetes/k8sConfig/configmap', 'k8sConfig', 74, 1, 'iconfont icon-xitongguanli', '', '', '', 0, 1, 0, 0, 'message.router.k8sConfig', '', 1);
COMMIT;

-- ----------------------------
-- Table structure for pos_terminal_info
-- ----------------------------
DROP TABLE IF EXISTS `pos_terminal_info`;
CREATE TABLE `pos_terminal_info` (
  `id` varchar(32) NOT NULL COMMENT '终端id',
  `terminal_code` varchar(20) NOT NULL COMMENT '终端编号（1位标识位+4位站点编号），标识位：主POS为1，副POS为2',
  `merchant_id` varchar(32) DEFAULT NULL COMMENT '商户id',
  `terminal_name` varchar(100) DEFAULT NULL COMMENT '终端名称（站点名称+主POS机/副POS机）',
  `terminal_type` char(1) DEFAULT NULL COMMENT '终端类型，1：主POS机，2：副POS机',
  `terminal_ip` varchar(20) DEFAULT NULL COMMENT '终端ip（为授权码用于激活，服务端主动请求终端IP地址）',
  `tcp_port` varchar(10) DEFAULT NULL COMMENT '终端tcp服务监控端口',
  `bos_ip` varchar(20) DEFAULT NULL COMMENT 'POS对应的BOS系统IP地址',
  `download_ip` varchar(20) DEFAULT NULL COMMENT '网关下载IP（文件服务器下载IP，用于下载升级安装包）',
  `trade_ip` varchar(20) DEFAULT NULL COMMENT '网关交易IP（终端交易调用服务地址）',
  `manage_ip` varchar(20) DEFAULT NULL COMMENT '网关管理IP（终端维护类调用服务地址，如激活、日志上传）',
  `upgrade_key` varchar(100) DEFAULT NULL COMMENT '升级密钥',
  `trade_pri_key` varchar(1024) DEFAULT NULL COMMENT '交易密钥',
  `trade_pub_key` varchar(1024) DEFAULT NULL COMMENT '公钥',
  `trade_sign_key` varchar(1024) DEFAULT NULL COMMENT '签名秘钥',
  `manage_key` varchar(1024) DEFAULT NULL COMMENT '管理密钥',
  `status` char(2) NOT NULL COMMENT '状态，00：未激活，01：正常，02：临时关闭，03：长期关闭',
  `initial_time` datetime DEFAULT NULL COMMENT '终端激活时间',
  `version_no` varchar(10) DEFAULT NULL COMMENT '当前版本编号',
  `upgrade_time` datetime DEFAULT NULL COMMENT '当前版本升级时间',
  `terminal_upload_ip` varchar(20) DEFAULT NULL COMMENT '终端ip（终端上传）',
  `terminal_upload_mac_addr` varchar(20) DEFAULT NULL COMMENT '终端mac地址（终端上传）',
  `terminal_upload_os` varchar(50) DEFAULT NULL COMMENT '终端系统（终端上传）',
  `valid_date_beg` datetime DEFAULT NULL COMMENT '有效期开始（预留）',
  `valid_date_end` datetime DEFAULT NULL COMMENT '有效期结束（预留）',
  `pac_node_tree` varchar(64) DEFAULT NULL COMMENT '组织机构树',
  `comment` varchar(255) DEFAULT NULL COMMENT '备注（终端批量停用时需要备注对应信息，批量开启后，清空当前备注）',
  `operator` varchar(50) DEFAULT NULL COMMENT '操作者',
  `insert_time` datetime NOT NULL DEFAULT CURRENT_TIMESTAMP COMMENT '插入时间',
  `update_time` datetime DEFAULT '2099-12-31 23:59:59' COMMENT '更新时间',
  PRIMARY KEY (`id`),
  UNIQUE KEY `Inx_u_1` (`terminal_code`,`merchant_id`)
) ENGINE=InnoDB DEFAULT CHARSET=utf8mb3 COMMENT='终端表';

-- ----------------------------
-- Records of pos_terminal_info
-- ----------------------------
BEGIN;
INSERT INTO `pos_terminal_info` VALUES ('16522479649689600', '1Q001', '10184897742508032', '西区加油站主POS机', '1', '11.91.242.67', '9900', '11.91.242.65', NULL, NULL, NULL, NULL, NULL, NULL, 'MFwwDQYJKoZIhvcNAQEBBQADSwAwSAJBAIUP7Hbz21AJ7upNiCORfc0gHbvp/pnu\n4ebitm3ie3j3/MU07vofiZL8CtFPSlZ7TnNGAbHC6KlHh1LyT7pJ9X0CAwEAAQ==', NULL, '01', NULL, '1.2.5.3', NULL, '11.91.242.67', '00:01:29:75:32:79', 'Windows7', NULL, NULL, 'Q000|Q01|Q001', '', 'yunling', '2019-04-23 16:38:12', '2022-04-09 08:05:34');
INSERT INTO `pos_terminal_info` VALUES ('16522479649689601', '1Q002', '10184897742508032', '西区加油站副POS机', '2', '11.91.242.68', '9900', '11.91.242.65', NULL, NULL, NULL, NULL, NULL, NULL, 'MFwwDQYJKoZIhvcNAQEBBQADSwAwSAJBAIUP7Hbz21AJ7upNiCORfc0gHbvp/pnu\n4ebitm3ie3j3/MU07vofiZL8CtFPSlZ7TnNGAbHC6KlHh1LyT7pJ9X0CAwEAAQ==', NULL, '01', NULL, '1.2.5.3', NULL, '11.91.242.68', '00:01:29:75:32:BE', 'Windows7', NULL, NULL, 'Q000|Q01|Q001', '', 'yunling', '2019-04-23 16:38:12', '2022-04-09 08:06:00');
COMMIT;

-- ----------------------------
-- Table structure for role_menus
-- ----------------------------
DROP TABLE IF EXISTS `role_menus`;
CREATE TABLE `role_menus` (
  `id` bigint unsigned NOT NULL AUTO_INCREMENT,
  `created_at` datetime NOT NULL,
  `updated_at` datetime NOT NULL,
  `roleID` bigint unsigned NOT NULL COMMENT '角色ID',
  `menuID` bigint unsigned NOT NULL COMMENT '菜单ID',
  PRIMARY KEY (`id`)
) ENGINE=InnoDB AUTO_INCREMENT=7439804863 DEFAULT CHARSET=utf8mb4 COLLATE=utf8mb4_general_ci;

-- ----------------------------
-- Records of role_menus
-- ----------------------------
BEGIN;
INSERT INTO `role_menus` VALUES (7439802912, '2022-12-05 18:02:39', '2022-12-05 18:02:39', 5439801870, 1667235338);
INSERT INTO `role_menus` VALUES (7439802913, '2022-12-05 18:02:39', '2022-12-05 18:02:39', 5439801870, 1667235340);
INSERT INTO `role_menus` VALUES (7439802914, '2022-12-05 18:02:39', '2022-12-05 18:02:39', 5439801870, 1667235341);
INSERT INTO `role_menus` VALUES (7439802915, '2022-12-05 18:02:39', '2022-12-05 18:02:39', 5439801870, 1667235342);
INSERT INTO `role_menus` VALUES (7439802916, '2022-12-05 18:02:39', '2022-12-05 18:02:39', 5439801870, 1667235343);
INSERT INTO `role_menus` VALUES (7439802917, '2022-12-05 18:02:39', '2022-12-05 18:02:39', 5439801870, 1667235344);
INSERT INTO `role_menus` VALUES (7439804345, '2023-05-09 11:55:06', '2023-05-09 11:55:06', 5439801874, 1667235314);
INSERT INTO `role_menus` VALUES (7439804346, '2023-05-09 11:55:06', '2023-05-09 11:55:06', 5439801874, 1667235383);
INSERT INTO `role_menus` VALUES (7439804347, '2023-05-09 11:55:07', '2023-05-09 11:55:07', 5439801874, 1667235385);
INSERT INTO `role_menus` VALUES (7439804348, '2023-05-09 11:55:07', '2023-05-09 11:55:07', 5439801874, 1667235384);
INSERT INTO `role_menus` VALUES (7439804349, '2023-05-09 11:55:07', '2023-05-09 11:55:07', 5439801874, 1667235386);
INSERT INTO `role_menus` VALUES (7439804350, '2023-05-09 11:55:07', '2023-05-09 11:55:07', 5439801874, 1667235339);
INSERT INTO `role_menus` VALUES (7439804351, '2023-05-09 11:55:07', '2023-05-09 11:55:07', 5439801874, 1667235376);
INSERT INTO `role_menus` VALUES (7439804352, '2023-05-09 11:55:07', '2023-05-09 11:55:07', 5439801874, 1667235375);
INSERT INTO `role_menus` VALUES (7439804353, '2023-05-09 11:55:07', '2023-05-09 11:55:07', 5439801874, 1667235377);
INSERT INTO `role_menus` VALUES (7439804354, '2023-05-09 11:55:07', '2023-05-09 11:55:07', 5439801874, 1667235388);
INSERT INTO `role_menus` VALUES (7439804355, '2023-05-09 11:55:07', '2023-05-09 11:55:07', 5439801874, 1667235389);
INSERT INTO `role_menus` VALUES (7439804356, '2023-05-09 11:55:07', '2023-05-09 11:55:07', 5439801874, 1667235346);
INSERT INTO `role_menus` VALUES (7439804357, '2023-05-09 11:55:07', '2023-05-09 11:55:07', 5439801874, 1667235378);
INSERT INTO `role_menus` VALUES (7439804358, '2023-05-09 11:55:07', '2023-05-09 11:55:07', 5439801874, 1667235381);
INSERT INTO `role_menus` VALUES (7439804359, '2023-05-09 11:55:07', '2023-05-09 11:55:07', 5439801874, 1667235347);
INSERT INTO `role_menus` VALUES (7439804360, '2023-05-09 11:55:07', '2023-05-09 11:55:07', 5439801874, 1667235348);
INSERT INTO `role_menus` VALUES (7439804361, '2023-05-09 11:55:07', '2023-05-09 11:55:07', 5439801874, 1667235379);
INSERT INTO `role_menus` VALUES (7439804362, '2023-05-09 11:55:07', '2023-05-09 11:55:07', 5439801874, 1667235380);
INSERT INTO `role_menus` VALUES (7439804363, '2023-05-09 11:55:07', '2023-05-09 11:55:07', 5439801874, 1667235387);
INSERT INTO `role_menus` VALUES (7439804364, '2023-05-09 11:55:07', '2023-05-09 11:55:07', 5439801874, 1667235310);
INSERT INTO `role_menus` VALUES (7439804365, '2023-05-09 11:55:07', '2023-05-09 11:55:07', 5439801874, 1667235368);
INSERT INTO `role_menus` VALUES (7439804366, '2023-05-09 11:55:07', '2023-05-09 11:55:07', 5439801874, 1667235367);
INSERT INTO `role_menus` VALUES (7439804367, '2023-05-09 11:55:07', '2023-05-09 11:55:07', 5439801874, 1667235311);
INSERT INTO `role_menus` VALUES (7439804368, '2023-05-09 11:55:07', '2023-05-09 11:55:07', 5439801874, 1667235315);
INSERT INTO `role_menus` VALUES (7439804369, '2023-05-09 11:55:07', '2023-05-09 11:55:07', 5439801874, 1667235316);
INSERT INTO `role_menus` VALUES (7439804370, '2023-05-09 11:55:07', '2023-05-09 11:55:07', 5439801874, 1667235317);
INSERT INTO `role_menus` VALUES (7439804371, '2023-05-09 11:55:07', '2023-05-09 11:55:07', 5439801874, 1667235328);
INSERT INTO `role_menus` VALUES (7439804372, '2023-05-09 11:55:07', '2023-05-09 11:55:07', 5439801874, 1667235335);
INSERT INTO `role_menus` VALUES (7439804373, '2023-05-09 11:55:07', '2023-05-09 11:55:07', 5439801874, 1667235312);
INSERT INTO `role_menus` VALUES (7439804374, '2023-05-09 11:55:07', '2023-05-09 11:55:07', 5439801874, 1667235321);
INSERT INTO `role_menus` VALUES (7439804375, '2023-05-09 11:55:07', '2023-05-09 11:55:07', 5439801874, 1667235322);
INSERT INTO `role_menus` VALUES (7439804376, '2023-05-09 11:55:08', '2023-05-09 11:55:08', 5439801874, 1667235323);
INSERT INTO `role_menus` VALUES (7439804377, '2023-05-09 11:55:08', '2023-05-09 11:55:08', 5439801874, 1667235324);
INSERT INTO `role_menus` VALUES (7439804378, '2023-05-09 11:55:08', '2023-05-09 11:55:08', 5439801874, 1667235336);
INSERT INTO `role_menus` VALUES (7439804379, '2023-05-09 11:55:08', '2023-05-09 11:55:08', 5439801874, 1667235313);
INSERT INTO `role_menus` VALUES (7439804380, '2023-05-09 11:55:08', '2023-05-09 11:55:08', 5439801874, 1667235327);
INSERT INTO `role_menus` VALUES (7439804381, '2023-05-09 11:55:08', '2023-05-09 11:55:08', 5439801874, 1667235326);
INSERT INTO `role_menus` VALUES (7439804382, '2023-05-09 11:55:08', '2023-05-09 11:55:08', 5439801874, 1667235325);
INSERT INTO `role_menus` VALUES (7439804383, '2023-05-09 11:55:08', '2023-05-09 11:55:08', 5439801874, 1667235334);
INSERT INTO `role_menus` VALUES (7439804384, '2023-05-09 11:55:08', '2023-05-09 11:55:08', 5439801874, 1667235355);
INSERT INTO `role_menus` VALUES (7439804385, '2023-05-09 11:55:08', '2023-05-09 11:55:08', 5439801874, 1667235372);
INSERT INTO `role_menus` VALUES (7439804386, '2023-05-09 11:55:08', '2023-05-09 11:55:08', 5439801874, 1667235373);
INSERT INTO `role_menus` VALUES (7439804387, '2023-05-09 11:55:08', '2023-05-09 11:55:08', 5439801874, 1667235362);
INSERT INTO `role_menus` VALUES (7439804388, '2023-05-09 11:55:08', '2023-05-09 11:55:08', 5439801874, 1667235382);
INSERT INTO `role_menus` VALUES (7439804389, '2023-05-09 11:55:08', '2023-05-09 11:55:08', 5439801874, 1667235366);
INSERT INTO `role_menus` VALUES (7439804390, '2023-05-09 11:55:08', '2023-05-09 11:55:08', 5439801874, 1667235365);
INSERT INTO `role_menus` VALUES (7439804391, '2023-05-09 11:55:08', '2023-05-09 11:55:08', 5439801874, 1667235364);
INSERT INTO `role_menus` VALUES (7439804392, '2023-05-09 11:55:08', '2023-05-09 11:55:08', 5439801874, 1667235363);
INSERT INTO `role_menus` VALUES (7439804393, '2023-05-09 11:55:08', '2023-05-09 11:55:08', 5439801874, 1667235338);
INSERT INTO `role_menus` VALUES (7439804394, '2023-05-09 11:55:08', '2023-05-09 11:55:08', 5439801874, 1667235340);
INSERT INTO `role_menus` VALUES (7439804395, '2023-05-09 11:55:08', '2023-05-09 11:55:08', 5439801874, 1667235341);
INSERT INTO `role_menus` VALUES (7439804396, '2023-05-09 11:55:08', '2023-05-09 11:55:08', 5439801874, 1667235342);
INSERT INTO `role_menus` VALUES (7439804397, '2023-05-09 11:55:08', '2023-05-09 11:55:08', 5439801874, 1667235343);
INSERT INTO `role_menus` VALUES (7439804398, '2023-05-09 11:55:08', '2023-05-09 11:55:08', 5439801874, 1667235357);
INSERT INTO `role_menus` VALUES (7439804399, '2023-05-09 11:55:08', '2023-05-09 11:55:08', 5439801874, 1667235358);
INSERT INTO `role_menus` VALUES (7439804400, '2023-05-09 11:55:08', '2023-05-09 11:55:08', 5439801874, 1667235359);
INSERT INTO `role_menus` VALUES (7439804401, '2023-05-09 11:55:08', '2023-05-09 11:55:08', 5439801874, 1667235360);
INSERT INTO `role_menus` VALUES (7439804402, '2023-05-09 11:55:08', '2023-05-09 11:55:08', 5439801874, 1667235370);
INSERT INTO `role_menus` VALUES (7439804403, '2023-05-09 11:55:08', '2023-05-09 11:55:08', 5439801874, 1667235361);
INSERT INTO `role_menus` VALUES (7439804404, '2023-05-09 11:55:08', '2023-05-09 11:55:08', 5439801874, 1667235369);
INSERT INTO `role_menus` VALUES (7439804405, '2023-05-09 11:55:08', '2023-05-09 11:55:08', 5439801874, 1667235318);
INSERT INTO `role_menus` VALUES (7439804406, '2023-05-09 11:55:09', '2023-05-09 11:55:09', 5439801874, 1667235319);
INSERT INTO `role_menus` VALUES (7439804407, '2023-05-09 11:55:09', '2023-05-09 11:55:09', 5439801874, 1667235320);
INSERT INTO `role_menus` VALUES (7439804408, '2023-05-09 11:55:09', '2023-05-09 11:55:09', 5439801874, 1667235374);
INSERT INTO `role_menus` VALUES (7439804409, '2023-05-09 11:55:09', '2023-05-09 11:55:09', 5439801874, 1667235332);
INSERT INTO `role_menus` VALUES (7439804410, '2023-05-09 11:55:09', '2023-05-09 11:55:09', 5439801874, 1667235333);
INSERT INTO `role_menus` VALUES (7439804411, '2023-05-09 11:55:09', '2023-05-09 11:55:09', 5439801874, 1667235344);
INSERT INTO `role_menus` VALUES (7439804412, '2023-05-09 11:55:25', '2023-05-09 11:55:25', 5439801864, 1667235310);
INSERT INTO `role_menus` VALUES (7439804413, '2023-05-09 11:55:25', '2023-05-09 11:55:25', 5439801864, 1667235368);
INSERT INTO `role_menus` VALUES (7439804414, '2023-05-09 11:55:25', '2023-05-09 11:55:25', 5439801864, 1667235367);
INSERT INTO `role_menus` VALUES (7439804415, '2023-05-09 11:55:25', '2023-05-09 11:55:25', 5439801864, 1667235311);
INSERT INTO `role_menus` VALUES (7439804416, '2023-05-09 11:55:26', '2023-05-09 11:55:26', 5439801864, 1667235315);
INSERT INTO `role_menus` VALUES (7439804417, '2023-05-09 11:55:26', '2023-05-09 11:55:26', 5439801864, 1667235316);
INSERT INTO `role_menus` VALUES (7439804418, '2023-05-09 11:55:26', '2023-05-09 11:55:26', 5439801864, 1667235317);
INSERT INTO `role_menus` VALUES (7439804419, '2023-05-09 11:55:26', '2023-05-09 11:55:26', 5439801864, 1667235328);
INSERT INTO `role_menus` VALUES (7439804420, '2023-05-09 11:55:26', '2023-05-09 11:55:26', 5439801864, 1667235335);
INSERT INTO `role_menus` VALUES (7439804421, '2023-05-09 11:55:26', '2023-05-09 11:55:26', 5439801864, 1667235312);
INSERT INTO `role_menus` VALUES (7439804422, '2023-05-09 11:55:26', '2023-05-09 11:55:26', 5439801864, 1667235321);
INSERT INTO `role_menus` VALUES (7439804423, '2023-05-09 11:55:26', '2023-05-09 11:55:26', 5439801864, 1667235322);
INSERT INTO `role_menus` VALUES (7439804424, '2023-05-09 11:55:26', '2023-05-09 11:55:26', 5439801864, 1667235323);
INSERT INTO `role_menus` VALUES (7439804425, '2023-05-09 11:55:26', '2023-05-09 11:55:26', 5439801864, 1667235324);
INSERT INTO `role_menus` VALUES (7439804426, '2023-05-09 11:55:26', '2023-05-09 11:55:26', 5439801864, 1667235336);
INSERT INTO `role_menus` VALUES (7439804427, '2023-05-09 11:55:26', '2023-05-09 11:55:26', 5439801864, 1667235313);
INSERT INTO `role_menus` VALUES (7439804428, '2023-05-09 11:55:26', '2023-05-09 11:55:26', 5439801864, 1667235327);
INSERT INTO `role_menus` VALUES (7439804429, '2023-05-09 11:55:26', '2023-05-09 11:55:26', 5439801864, 1667235326);
INSERT INTO `role_menus` VALUES (7439804430, '2023-05-09 11:55:26', '2023-05-09 11:55:26', 5439801864, 1667235325);
INSERT INTO `role_menus` VALUES (7439804431, '2023-05-09 11:55:26', '2023-05-09 11:55:26', 5439801864, 1667235334);
INSERT INTO `role_menus` VALUES (7439804432, '2023-05-09 11:55:26', '2023-05-09 11:55:26', 5439801864, 1667235355);
INSERT INTO `role_menus` VALUES (7439804433, '2023-05-09 11:55:26', '2023-05-09 11:55:26', 5439801864, 1667235372);
INSERT INTO `role_menus` VALUES (7439804434, '2023-05-09 11:55:26', '2023-05-09 11:55:26', 5439801864, 1667235373);
INSERT INTO `role_menus` VALUES (7439804435, '2023-05-09 11:55:45', '2023-05-09 11:55:45', 5439801867, 1667235314);
INSERT INTO `role_menus` VALUES (7439804436, '2023-05-09 11:55:45', '2023-05-09 11:55:45', 5439801867, 1667235383);
INSERT INTO `role_menus` VALUES (7439804437, '2023-05-09 11:55:45', '2023-05-09 11:55:45', 5439801867, 1667235385);
INSERT INTO `role_menus` VALUES (7439804438, '2023-05-09 11:55:45', '2023-05-09 11:55:45', 5439801867, 1667235384);
INSERT INTO `role_menus` VALUES (7439804439, '2023-05-09 11:55:45', '2023-05-09 11:55:45', 5439801867, 1667235386);
INSERT INTO `role_menus` VALUES (7439804440, '2023-05-09 11:55:46', '2023-05-09 11:55:46', 5439801867, 1667235339);
INSERT INTO `role_menus` VALUES (7439804441, '2023-05-09 11:55:46', '2023-05-09 11:55:46', 5439801867, 1667235376);
INSERT INTO `role_menus` VALUES (7439804442, '2023-05-09 11:55:46', '2023-05-09 11:55:46', 5439801867, 1667235375);
INSERT INTO `role_menus` VALUES (7439804443, '2023-05-09 11:55:46', '2023-05-09 11:55:46', 5439801867, 1667235377);
INSERT INTO `role_menus` VALUES (7439804444, '2023-05-09 11:55:46', '2023-05-09 11:55:46', 5439801867, 1667235388);
INSERT INTO `role_menus` VALUES (7439804445, '2023-05-09 11:55:46', '2023-05-09 11:55:46', 5439801867, 1667235389);
INSERT INTO `role_menus` VALUES (7439804446, '2023-05-09 11:55:46', '2023-05-09 11:55:46', 5439801867, 1667235346);
INSERT INTO `role_menus` VALUES (7439804447, '2023-05-09 11:55:46', '2023-05-09 11:55:46', 5439801867, 1667235378);
INSERT INTO `role_menus` VALUES (7439804448, '2023-05-09 11:55:46', '2023-05-09 11:55:46', 5439801867, 1667235381);
INSERT INTO `role_menus` VALUES (7439804449, '2023-05-09 11:55:46', '2023-05-09 11:55:46', 5439801867, 1667235347);
INSERT INTO `role_menus` VALUES (7439804450, '2023-05-09 11:55:46', '2023-05-09 11:55:46', 5439801867, 1667235348);
INSERT INTO `role_menus` VALUES (7439804451, '2023-05-09 11:55:46', '2023-05-09 11:55:46', 5439801867, 1667235379);
INSERT INTO `role_menus` VALUES (7439804452, '2023-05-09 11:55:46', '2023-05-09 11:55:46', 5439801867, 1667235380);
INSERT INTO `role_menus` VALUES (7439804453, '2023-05-09 11:55:46', '2023-05-09 11:55:46', 5439801867, 1667235387);
INSERT INTO `role_menus` VALUES (7439804454, '2023-05-09 11:55:46', '2023-05-09 11:55:46', 5439801867, 1667235310);
INSERT INTO `role_menus` VALUES (7439804455, '2023-05-09 11:55:46', '2023-05-09 11:55:46', 5439801867, 1667235368);
INSERT INTO `role_menus` VALUES (7439804456, '2023-05-09 11:55:46', '2023-05-09 11:55:46', 5439801867, 1667235367);
INSERT INTO `role_menus` VALUES (7439804457, '2023-05-09 11:55:46', '2023-05-09 11:55:46', 5439801867, 1667235311);
INSERT INTO `role_menus` VALUES (7439804458, '2023-05-09 11:55:46', '2023-05-09 11:55:46', 5439801867, 1667235315);
INSERT INTO `role_menus` VALUES (7439804459, '2023-05-09 11:55:46', '2023-05-09 11:55:46', 5439801867, 1667235316);
INSERT INTO `role_menus` VALUES (7439804460, '2023-05-09 11:55:46', '2023-05-09 11:55:46', 5439801867, 1667235317);
INSERT INTO `role_menus` VALUES (7439804461, '2023-05-09 11:55:46', '2023-05-09 11:55:46', 5439801867, 1667235328);
INSERT INTO `role_menus` VALUES (7439804462, '2023-05-09 11:55:46', '2023-05-09 11:55:46', 5439801867, 1667235335);
INSERT INTO `role_menus` VALUES (7439804463, '2023-05-09 11:55:46', '2023-05-09 11:55:46', 5439801867, 1667235312);
INSERT INTO `role_menus` VALUES (7439804464, '2023-05-09 11:55:46', '2023-05-09 11:55:46', 5439801867, 1667235321);
INSERT INTO `role_menus` VALUES (7439804465, '2023-05-09 11:55:46', '2023-05-09 11:55:46', 5439801867, 1667235322);
INSERT INTO `role_menus` VALUES (7439804466, '2023-05-09 11:55:46', '2023-05-09 11:55:46', 5439801867, 1667235323);
INSERT INTO `role_menus` VALUES (7439804467, '2023-05-09 11:55:46', '2023-05-09 11:55:46', 5439801867, 1667235324);
INSERT INTO `role_menus` VALUES (7439804468, '2023-05-09 11:55:46', '2023-05-09 11:55:46', 5439801867, 1667235336);
INSERT INTO `role_menus` VALUES (7439804469, '2023-05-09 11:55:46', '2023-05-09 11:55:46', 5439801867, 1667235313);
INSERT INTO `role_menus` VALUES (7439804470, '2023-05-09 11:55:47', '2023-05-09 11:55:47', 5439801867, 1667235327);
INSERT INTO `role_menus` VALUES (7439804471, '2023-05-09 11:55:47', '2023-05-09 11:55:47', 5439801867, 1667235326);
INSERT INTO `role_menus` VALUES (7439804472, '2023-05-09 11:55:47', '2023-05-09 11:55:47', 5439801867, 1667235325);
INSERT INTO `role_menus` VALUES (7439804473, '2023-05-09 11:55:47', '2023-05-09 11:55:47', 5439801867, 1667235334);
INSERT INTO `role_menus` VALUES (7439804474, '2023-05-09 11:55:47', '2023-05-09 11:55:47', 5439801867, 1667235355);
INSERT INTO `role_menus` VALUES (7439804475, '2023-05-09 11:55:47', '2023-05-09 11:55:47', 5439801867, 1667235372);
INSERT INTO `role_menus` VALUES (7439804476, '2023-05-09 11:55:47', '2023-05-09 11:55:47', 5439801867, 1667235373);
INSERT INTO `role_menus` VALUES (7439804477, '2023-05-09 11:55:47', '2023-05-09 11:55:47', 5439801867, 1667235362);
INSERT INTO `role_menus` VALUES (7439804478, '2023-05-09 11:55:47', '2023-05-09 11:55:47', 5439801867, 1667235382);
INSERT INTO `role_menus` VALUES (7439804479, '2023-05-09 11:55:47', '2023-05-09 11:55:47', 5439801867, 1667235366);
INSERT INTO `role_menus` VALUES (7439804480, '2023-05-09 11:55:47', '2023-05-09 11:55:47', 5439801867, 1667235365);
INSERT INTO `role_menus` VALUES (7439804481, '2023-05-09 11:55:47', '2023-05-09 11:55:47', 5439801867, 1667235364);
INSERT INTO `role_menus` VALUES (7439804482, '2023-05-09 11:55:47', '2023-05-09 11:55:47', 5439801867, 1667235363);
INSERT INTO `role_menus` VALUES (7439804483, '2023-05-09 11:55:47', '2023-05-09 11:55:47', 5439801867, 1667235338);
INSERT INTO `role_menus` VALUES (7439804484, '2023-05-09 11:55:47', '2023-05-09 11:55:47', 5439801867, 1667235340);
INSERT INTO `role_menus` VALUES (7439804485, '2023-05-09 11:55:47', '2023-05-09 11:55:47', 5439801867, 1667235341);
INSERT INTO `role_menus` VALUES (7439804486, '2023-05-09 11:55:47', '2023-05-09 11:55:47', 5439801867, 1667235342);
INSERT INTO `role_menus` VALUES (7439804487, '2023-05-09 11:55:47', '2023-05-09 11:55:47', 5439801867, 1667235343);
INSERT INTO `role_menus` VALUES (7439804488, '2023-05-09 11:55:47', '2023-05-09 11:55:47', 5439801867, 1667235357);
INSERT INTO `role_menus` VALUES (7439804489, '2023-05-09 11:55:47', '2023-05-09 11:55:47', 5439801867, 1667235358);
INSERT INTO `role_menus` VALUES (7439804490, '2023-05-09 11:55:47', '2023-05-09 11:55:47', 5439801867, 1667235359);
INSERT INTO `role_menus` VALUES (7439804491, '2023-05-09 11:55:47', '2023-05-09 11:55:47', 5439801867, 1667235360);
INSERT INTO `role_menus` VALUES (7439804492, '2023-05-09 11:55:47', '2023-05-09 11:55:47', 5439801867, 1667235370);
INSERT INTO `role_menus` VALUES (7439804493, '2023-05-09 11:55:47', '2023-05-09 11:55:47', 5439801867, 1667235361);
INSERT INTO `role_menus` VALUES (7439804494, '2023-05-09 11:55:47', '2023-05-09 11:55:47', 5439801867, 1667235369);
INSERT INTO `role_menus` VALUES (7439804495, '2023-05-09 11:55:47', '2023-05-09 11:55:47', 5439801867, 1667235318);
INSERT INTO `role_menus` VALUES (7439804496, '2023-05-09 11:55:47', '2023-05-09 11:55:47', 5439801867, 1667235319);
INSERT INTO `role_menus` VALUES (7439804497, '2023-05-09 11:55:47', '2023-05-09 11:55:47', 5439801867, 1667235320);
INSERT INTO `role_menus` VALUES (7439804498, '2023-05-09 11:55:47', '2023-05-09 11:55:47', 5439801867, 1667235374);
INSERT INTO `role_menus` VALUES (7439804499, '2023-05-09 11:55:47', '2023-05-09 11:55:47', 5439801867, 1667235332);
INSERT INTO `role_menus` VALUES (7439804500, '2023-05-09 11:55:48', '2023-05-09 11:55:48', 5439801867, 1667235333);
INSERT INTO `role_menus` VALUES (7439804501, '2023-05-09 11:55:48', '2023-05-09 11:55:48', 5439801867, 1667235344);
INSERT INTO `role_menus` VALUES (7439804504, '2023-05-09 11:56:23', '2023-05-09 11:56:23', 5439801865, 1667235314);
INSERT INTO `role_menus` VALUES (7439804788, '2023-05-14 15:12:11', '2023-05-14 15:12:11', 5439801856, 1667235314);
INSERT INTO `role_menus` VALUES (7439804789, '2023-05-14 15:12:11', '2023-05-14 15:12:11', 5439801856, 1667235383);
INSERT INTO `role_menus` VALUES (7439804790, '2023-05-14 15:12:11', '2023-05-14 15:12:11', 5439801856, 1667235385);
INSERT INTO `role_menus` VALUES (7439804791, '2023-05-14 15:12:11', '2023-05-14 15:12:11', 5439801856, 1667235384);
INSERT INTO `role_menus` VALUES (7439804792, '2023-05-14 15:12:11', '2023-05-14 15:12:11', 5439801856, 1667235386);
INSERT INTO `role_menus` VALUES (7439804793, '2023-05-14 15:12:11', '2023-05-14 15:12:11', 5439801856, 1667235339);
INSERT INTO `role_menus` VALUES (7439804794, '2023-05-14 15:12:11', '2023-05-14 15:12:11', 5439801856, 1667235376);
INSERT INTO `role_menus` VALUES (7439804795, '2023-05-14 15:12:12', '2023-05-14 15:12:12', 5439801856, 1667235375);
INSERT INTO `role_menus` VALUES (7439804796, '2023-05-14 15:12:12', '2023-05-14 15:12:12', 5439801856, 1667235389);
INSERT INTO `role_menus` VALUES (7439804797, '2023-05-14 15:12:12', '2023-05-14 15:12:12', 5439801856, 1667235377);
INSERT INTO `role_menus` VALUES (7439804798, '2023-05-14 15:12:12', '2023-05-14 15:12:12', 5439801856, 1667235388);
INSERT INTO `role_menus` VALUES (7439804799, '2023-05-14 15:12:12', '2023-05-14 15:12:12', 5439801856, 1667235395);
INSERT INTO `role_menus` VALUES (7439804800, '2023-05-14 15:12:12', '2023-05-14 15:12:12', 5439801856, 1667235346);
INSERT INTO `role_menus` VALUES (7439804801, '2023-05-14 15:12:12', '2023-05-14 15:12:12', 5439801856, 1667235381);
INSERT INTO `role_menus` VALUES (7439804802, '2023-05-14 15:12:12', '2023-05-14 15:12:12', 5439801856, 1667235347);
INSERT INTO `role_menus` VALUES (7439804803, '2023-05-14 15:12:12', '2023-05-14 15:12:12', 5439801856, 1667235378);
INSERT INTO `role_menus` VALUES (7439804804, '2023-05-14 15:12:12', '2023-05-14 15:12:12', 5439801856, 1667235348);
INSERT INTO `role_menus` VALUES (7439804805, '2023-05-14 15:12:12', '2023-05-14 15:12:12', 5439801856, 1667235379);
INSERT INTO `role_menus` VALUES (7439804806, '2023-05-14 15:12:12', '2023-05-14 15:12:12', 5439801856, 1667235387);
INSERT INTO `role_menus` VALUES (7439804807, '2023-05-14 15:12:12', '2023-05-14 15:12:12', 5439801856, 1667235380);
INSERT INTO `role_menus` VALUES (7439804808, '2023-05-14 15:12:12', '2023-05-14 15:12:12', 5439801856, 1667235396);
INSERT INTO `role_menus` VALUES (7439804809, '2023-05-14 15:12:12', '2023-05-14 15:12:12', 5439801856, 1667235390);
INSERT INTO `role_menus` VALUES (7439804810, '2023-05-14 15:12:12', '2023-05-14 15:12:12', 5439801856, 1667235394);
INSERT INTO `role_menus` VALUES (7439804811, '2023-05-14 15:12:12', '2023-05-14 15:12:12', 5439801856, 1667235391);
INSERT INTO `role_menus` VALUES (7439804812, '2023-05-14 15:12:12', '2023-05-14 15:12:12', 5439801856, 1667235397);
INSERT INTO `role_menus` VALUES (7439804813, '2023-05-14 15:12:12', '2023-05-14 15:12:12', 5439801856, 1667235393);
INSERT INTO `role_menus` VALUES (7439804814, '2023-05-14 15:12:12', '2023-05-14 15:12:12', 5439801856, 1667235392);
INSERT INTO `role_menus` VALUES (7439804815, '2023-05-14 15:12:12', '2023-05-14 15:12:12', 5439801856, 1667235310);
INSERT INTO `role_menus` VALUES (7439804816, '2023-05-14 15:12:12', '2023-05-14 15:12:12', 5439801856, 1667235368);
INSERT INTO `role_menus` VALUES (7439804817, '2023-05-14 15:12:12', '2023-05-14 15:12:12', 5439801856, 1667235367);
INSERT INTO `role_menus` VALUES (7439804818, '2023-05-14 15:12:12', '2023-05-14 15:12:12', 5439801856, 1667235311);
INSERT INTO `role_menus` VALUES (7439804819, '2023-05-14 15:12:12', '2023-05-14 15:12:12', 5439801856, 1667235315);
INSERT INTO `role_menus` VALUES (7439804820, '2023-05-14 15:12:12', '2023-05-14 15:12:12', 5439801856, 1667235316);
INSERT INTO `role_menus` VALUES (7439804821, '2023-05-14 15:12:12', '2023-05-14 15:12:12', 5439801856, 1667235317);
INSERT INTO `role_menus` VALUES (7439804822, '2023-05-14 15:12:12', '2023-05-14 15:12:12', 5439801856, 1667235328);
INSERT INTO `role_menus` VALUES (7439804823, '2023-05-14 15:12:12', '2023-05-14 15:12:12', 5439801856, 1667235335);
INSERT INTO `role_menus` VALUES (7439804824, '2023-05-14 15:12:12', '2023-05-14 15:12:12', 5439801856, 1667235312);
INSERT INTO `role_menus` VALUES (7439804825, '2023-05-14 15:12:12', '2023-05-14 15:12:12', 5439801856, 1667235321);
INSERT INTO `role_menus` VALUES (7439804826, '2023-05-14 15:12:12', '2023-05-14 15:12:12', 5439801856, 1667235322);
INSERT INTO `role_menus` VALUES (7439804827, '2023-05-14 15:12:12', '2023-05-14 15:12:12', 5439801856, 1667235324);
INSERT INTO `role_menus` VALUES (7439804828, '2023-05-14 15:12:12', '2023-05-14 15:12:12', 5439801856, 1667235323);
INSERT INTO `role_menus` VALUES (7439804829, '2023-05-14 15:12:12', '2023-05-14 15:12:12', 5439801856, 1667235336);
INSERT INTO `role_menus` VALUES (7439804830, '2023-05-14 15:12:12', '2023-05-14 15:12:12', 5439801856, 1667235313);
INSERT INTO `role_menus` VALUES (7439804831, '2023-05-14 15:12:12', '2023-05-14 15:12:12', 5439801856, 1667235326);
INSERT INTO `role_menus` VALUES (7439804832, '2023-05-14 15:12:13', '2023-05-14 15:12:13', 5439801856, 1667235327);
INSERT INTO `role_menus` VALUES (7439804833, '2023-05-14 15:12:13', '2023-05-14 15:12:13', 5439801856, 1667235325);
INSERT INTO `role_menus` VALUES (7439804834, '2023-05-14 15:12:13', '2023-05-14 15:12:13', 5439801856, 1667235334);
INSERT INTO `role_menus` VALUES (7439804835, '2023-05-14 15:12:13', '2023-05-14 15:12:13', 5439801856, 1667235355);
INSERT INTO `role_menus` VALUES (7439804836, '2023-05-14 15:12:13', '2023-05-14 15:12:13', 5439801856, 1667235372);
INSERT INTO `role_menus` VALUES (7439804837, '2023-05-14 15:12:13', '2023-05-14 15:12:13', 5439801856, 1667235373);
INSERT INTO `role_menus` VALUES (7439804838, '2023-05-14 15:12:13', '2023-05-14 15:12:13', 5439801856, 1667235362);
INSERT INTO `role_menus` VALUES (7439804839, '2023-05-14 15:12:13', '2023-05-14 15:12:13', 5439801856, 1667235363);
INSERT INTO `role_menus` VALUES (7439804840, '2023-05-14 15:12:13', '2023-05-14 15:12:13', 5439801856, 1667235364);
INSERT INTO `role_menus` VALUES (7439804841, '2023-05-14 15:12:13', '2023-05-14 15:12:13', 5439801856, 1667235365);
INSERT INTO `role_menus` VALUES (7439804842, '2023-05-14 15:12:13', '2023-05-14 15:12:13', 5439801856, 1667235366);
INSERT INTO `role_menus` VALUES (7439804843, '2023-05-14 15:12:13', '2023-05-14 15:12:13', 5439801856, 1667235382);
INSERT INTO `role_menus` VALUES (7439804844, '2023-05-14 15:12:13', '2023-05-14 15:12:13', 5439801856, 1667235338);
INSERT INTO `role_menus` VALUES (7439804845, '2023-05-14 15:12:13', '2023-05-14 15:12:13', 5439801856, 1667235340);
INSERT INTO `role_menus` VALUES (7439804846, '2023-05-14 15:12:13', '2023-05-14 15:12:13', 5439801856, 1667235341);
INSERT INTO `role_menus` VALUES (7439804847, '2023-05-14 15:12:13', '2023-05-14 15:12:13', 5439801856, 1667235342);
INSERT INTO `role_menus` VALUES (7439804848, '2023-05-14 15:12:13', '2023-05-14 15:12:13', 5439801856, 1667235343);
INSERT INTO `role_menus` VALUES (7439804849, '2023-05-14 15:12:13', '2023-05-14 15:12:13', 5439801856, 1667235357);
INSERT INTO `role_menus` VALUES (7439804850, '2023-05-14 15:12:13', '2023-05-14 15:12:13', 5439801856, 1667235358);
INSERT INTO `role_menus` VALUES (7439804851, '2023-05-14 15:12:13', '2023-05-14 15:12:13', 5439801856, 1667235359);
INSERT INTO `role_menus` VALUES (7439804852, '2023-05-14 15:12:13', '2023-05-14 15:12:13', 5439801856, 1667235360);
INSERT INTO `role_menus` VALUES (7439804853, '2023-05-14 15:12:13', '2023-05-14 15:12:13', 5439801856, 1667235361);
INSERT INTO `role_menus` VALUES (7439804854, '2023-05-14 15:12:13', '2023-05-14 15:12:13', 5439801856, 1667235369);
INSERT INTO `role_menus` VALUES (7439804855, '2023-05-14 15:12:13', '2023-05-14 15:12:13', 5439801856, 1667235370);
INSERT INTO `role_menus` VALUES (7439804856, '2023-05-14 15:12:13', '2023-05-14 15:12:13', 5439801856, 1667235318);
INSERT INTO `role_menus` VALUES (7439804857, '2023-05-14 15:12:13', '2023-05-14 15:12:13', 5439801856, 1667235319);
INSERT INTO `role_menus` VALUES (7439804858, '2023-05-14 15:12:13', '2023-05-14 15:12:13', 5439801856, 1667235320);
INSERT INTO `role_menus` VALUES (7439804859, '2023-05-14 15:12:13', '2023-05-14 15:12:13', 5439801856, 1667235374);
INSERT INTO `role_menus` VALUES (7439804860, '2023-05-14 15:12:13', '2023-05-14 15:12:13', 5439801856, 1667235332);
INSERT INTO `role_menus` VALUES (7439804861, '2023-05-14 15:12:13', '2023-05-14 15:12:13', 5439801856, 1667235333);
INSERT INTO `role_menus` VALUES (7439804862, '2023-05-14 15:12:13', '2023-05-14 15:12:13', 5439801856, 1667235344);
COMMIT;

-- ----------------------------
-- Table structure for roles
-- ----------------------------
DROP TABLE IF EXISTS `roles`;
CREATE TABLE `roles` (
  `id` bigint unsigned NOT NULL AUTO_INCREMENT,
  `created_at` datetime NOT NULL,
  `updated_at` datetime NOT NULL,
  `memo` varchar(128) CHARACTER SET utf8mb4 COLLATE utf8mb4_general_ci DEFAULT NULL COMMENT '备注',
  `name` varchar(128) CHARACTER SET utf8mb4 COLLATE utf8mb4_general_ci NOT NULL COMMENT '名称',
  `sequence` bigint NOT NULL COMMENT '排序值',
  `parent_id` bigint unsigned NOT NULL COMMENT '父级ID',
  `status` tinyint NOT NULL DEFAULT '1' COMMENT '状态：0 表示禁用，1 表示启用',
  PRIMARY KEY (`id`)
) ENGINE=InnoDB AUTO_INCREMENT=5439801877 DEFAULT CHARSET=utf8mb4 COLLATE=utf8mb4_general_ci;

-- ----------------------------
-- Records of roles
-- ----------------------------
BEGIN;
INSERT INTO `roles` VALUES (5439801856, '2022-10-29 18:45:09', '2022-11-05 16:36:43', '管理员', '管理员', 10, 0, 1);
INSERT INTO `roles` VALUES (5439801864, '2022-11-06 11:49:54', '2023-03-30 20:52:19', '运维', '运维', 1, 0, 1);
INSERT INTO `roles` VALUES (5439801865, '2022-11-06 14:14:06', '2023-03-30 17:15:27', '运维', '运维2', 1, 0, 1);
INSERT INTO `roles` VALUES (5439801866, '2022-11-06 22:02:12', '2022-11-07 17:41:52', '', '啊啊啊', 1, 5439801856, 1);
INSERT INTO `roles` VALUES (5439801867, '2022-11-06 22:02:20', '2022-11-06 22:02:20', '', '版本', 1, 0, 1);
INSERT INTO `roles` VALUES (5439801868, '2022-11-06 22:02:26', '2022-11-06 22:02:26', '', '查出', 1, 0, 1);
INSERT INTO `roles` VALUES (5439801869, '2022-11-06 22:02:30', '2022-11-06 22:02:30', '', '对的', 1, 0, 1);
INSERT INTO `roles` VALUES (5439801870, '2022-11-06 22:02:37', '2022-11-06 22:02:37', '', '嗯嗯', 1, 0, 1);
INSERT INTO `roles` VALUES (5439801871, '2022-11-06 22:02:43', '2022-11-06 22:02:43', '', '方法', 1, 0, 1);
INSERT INTO `roles` VALUES (5439801874, '2023-03-30 16:46:58', '2023-03-30 16:46:58', 'lebmi角色', 'lbemi', 9, 0, 1);
INSERT INTO `roles` VALUES (5439801875, '2023-03-30 17:13:38', '2023-03-30 17:13:38', 'c', 'c', 1, 0, 1);
INSERT INTO `roles` VALUES (5439801876, '2023-03-30 17:13:50', '2023-03-30 17:13:50', 'b', 'b', 1, 0, 1);
COMMIT;

-- ----------------------------
-- Table structure for rules
-- ----------------------------
DROP TABLE IF EXISTS `rules`;
CREATE TABLE `rules` (
  `id` bigint unsigned NOT NULL AUTO_INCREMENT,
  `ptype` varchar(100) CHARACTER SET utf8mb4 COLLATE utf8mb4_general_ci DEFAULT NULL,
  `v0` varchar(100) CHARACTER SET utf8mb4 COLLATE utf8mb4_general_ci DEFAULT NULL,
  `v1` varchar(100) CHARACTER SET utf8mb4 COLLATE utf8mb4_general_ci DEFAULT NULL,
  `v2` varchar(100) CHARACTER SET utf8mb4 COLLATE utf8mb4_general_ci DEFAULT NULL,
  `v3` varchar(100) CHARACTER SET utf8mb4 COLLATE utf8mb4_general_ci DEFAULT NULL,
  `v4` varchar(100) CHARACTER SET utf8mb4 COLLATE utf8mb4_general_ci DEFAULT NULL,
  `v5` varchar(100) CHARACTER SET utf8mb4 COLLATE utf8mb4_general_ci DEFAULT NULL,
  PRIMARY KEY (`id`)
) ENGINE=InnoDB AUTO_INCREMENT=4439803578 DEFAULT CHARSET=utf8mb4 COLLATE=utf8mb4_general_ci;

-- ----------------------------
-- Records of rules
-- ----------------------------
BEGIN;
INSERT INTO `rules` VALUES (4439802167, 'g', '1439801856', '5439801856', '', '', '', '');
INSERT INTO `rules` VALUES (4439802168, 'g', '1439801856', '5439801865', '', '', '', '');
INSERT INTO `rules` VALUES (4439802666, 'p', '5439801870', '/api/v1/host', 'POST', '', '', '');
INSERT INTO `rules` VALUES (4439802667, 'p', '5439801870', '/api/v1/host/:id', 'DELETE', '', '', '');
INSERT INTO `rules` VALUES (4439802668, 'p', '5439801870', '/api/v1/host/:id/ws', 'GET', '', '', '');
INSERT INTO `rules` VALUES (4439802669, 'p', '5439801870', '/api/v1/host*', 'GET', '', '', '');
INSERT INTO `rules` VALUES (4439803395, 'p', '5439801874', '/api/v1/user', 'POST', '', '', '');
INSERT INTO `rules` VALUES (4439803396, 'p', '5439801874', '/api/v1/user/:id', 'DELETE', '', '', '');
INSERT INTO `rules` VALUES (4439803397, 'p', '5439801874', '/api/v1/user', 'PUT', '', '', '');
INSERT INTO `rules` VALUES (4439803398, 'p', '5439801874', '/api/v1/user*|/api/v1/role*', 'GET', '', '', '');
INSERT INTO `rules` VALUES (4439803399, 'p', '5439801874', '/api/v1/role*|/api/v1/menu*', 'GET', '', '', '');
INSERT INTO `rules` VALUES (4439803400, 'p', '5439801874', '/api/v1/menu*', 'GET', '', '', '');
INSERT INTO `rules` VALUES (4439803401, 'p', '5439801874', '/api/v1/role', 'POST', '', '', '');
INSERT INTO `rules` VALUES (4439803402, 'p', '5439801874', '/api/v1/role/:id', 'PUT', '', '', '');
INSERT INTO `rules` VALUES (4439803403, 'p', '5439801874', '/api/v1/role/:id', 'DELETE', '', '', '');
INSERT INTO `rules` VALUES (4439803404, 'p', '5439801874', '/api/v1/role/:id/menus', 'POST', '', '', '');
INSERT INTO `rules` VALUES (4439803405, 'p', '5439801874', '/api/v1/menu', 'POST', '', '', '');
INSERT INTO `rules` VALUES (4439803406, 'p', '5439801874', '/api/v1/menu/:id', 'DELETE', '', '', '');
INSERT INTO `rules` VALUES (4439803407, 'p', '5439801874', '/api/v1/menu/:id', 'PUT', '', '', '');
INSERT INTO `rules` VALUES (4439803408, 'p', '5439801874', '/api/v1/user/:id/roles', 'POST', '', '', '');
INSERT INTO `rules` VALUES (4439803409, 'p', '5439801874', '/api/v1/menu/:id/test', 'PUT', '', '', '');
INSERT INTO `rules` VALUES (4439803410, 'p', '5439801874', '/api/v1/*', 'POST', '', '', '');
INSERT INTO `rules` VALUES (4439803411, 'p', '5439801874', '/api/v1/menu/:id/status/:status', 'PUT', '', '', '');
INSERT INTO `rules` VALUES (4439803412, 'p', '5439801874', '/api/v1/user/:id/status/:status', 'PUT', '', '', '');
INSERT INTO `rules` VALUES (4439803413, 'p', '5439801874', '/api/v1/role/:id/status/:status', 'PUT', '', '', '');
INSERT INTO `rules` VALUES (4439803414, 'p', '5439801874', '/api/v1/host', 'POST', '', '', '');
INSERT INTO `rules` VALUES (4439803415, 'p', '5439801874', '/api/v1/host/:id', 'DELETE', '', '', '');
INSERT INTO `rules` VALUES (4439803416, 'p', '5439801874', '/api/v1/host/:id/ws', 'GET', '', '', '');
INSERT INTO `rules` VALUES (4439803417, 'p', '5439801874', '/api/v1/host*', 'GET', '', '', '');
INSERT INTO `rules` VALUES (4439803418, 'p', '5439801874', '/namespace/:name', 'DELETE', '', '', '');
INSERT INTO `rules` VALUES (4439803419, 'p', '5439801864', '/api/v1/user', 'POST', '', '', '');
INSERT INTO `rules` VALUES (4439803420, 'p', '5439801864', '/api/v1/user/:id', 'DELETE', '', '', '');
INSERT INTO `rules` VALUES (4439803421, 'p', '5439801864', '/api/v1/user', 'PUT', '', '', '');
INSERT INTO `rules` VALUES (4439803422, 'p', '5439801864', '/api/v1/role', 'POST', '', '', '');
INSERT INTO `rules` VALUES (4439803423, 'p', '5439801864', '/api/v1/role/:id', 'PUT', '', '', '');
INSERT INTO `rules` VALUES (4439803424, 'p', '5439801864', '/api/v1/role/:id', 'DELETE', '', '', '');
INSERT INTO `rules` VALUES (4439803425, 'p', '5439801864', '/api/v1/role/:id/menus', 'POST', '', '', '');
INSERT INTO `rules` VALUES (4439803426, 'p', '5439801864', '/api/v1/menu', 'POST', '', '', '');
INSERT INTO `rules` VALUES (4439803427, 'p', '5439801864', '/api/v1/menu/:id', 'DELETE', '', '', '');
INSERT INTO `rules` VALUES (4439803428, 'p', '5439801864', '/api/v1/menu/:id', 'PUT', '', '', '');
INSERT INTO `rules` VALUES (4439803429, 'p', '5439801864', '/api/v1/user/:id/roles', 'POST', '', '', '');
INSERT INTO `rules` VALUES (4439803430, 'p', '5439801864', '/api/v1/menu/:id/status/:status', 'PUT', '', '', '');
INSERT INTO `rules` VALUES (4439803431, 'p', '5439801864', '/api/v1/user/:id/status/:status', 'PUT', '', '', '');
INSERT INTO `rules` VALUES (4439803432, 'p', '5439801864', '/api/v1/role/:id/status/:status', 'PUT', '', '', '');
INSERT INTO `rules` VALUES (4439803433, 'p', '5439801867', '/api/v1/user', 'POST', '', '', '');
INSERT INTO `rules` VALUES (4439803434, 'p', '5439801867', '/api/v1/user/:id', 'DELETE', '', '', '');
INSERT INTO `rules` VALUES (4439803435, 'p', '5439801867', '/api/v1/user', 'PUT', '', '', '');
INSERT INTO `rules` VALUES (4439803436, 'p', '5439801867', '/api/v1/user*|/api/v1/role*', 'GET', '', '', '');
INSERT INTO `rules` VALUES (4439803437, 'p', '5439801867', '/api/v1/role*|/api/v1/menu*', 'GET', '', '', '');
INSERT INTO `rules` VALUES (4439803438, 'p', '5439801867', '/api/v1/menu*', 'GET', '', '', '');
INSERT INTO `rules` VALUES (4439803439, 'p', '5439801867', '/api/v1/role', 'POST', '', '', '');
INSERT INTO `rules` VALUES (4439803440, 'p', '5439801867', '/api/v1/role/:id', 'PUT', '', '', '');
INSERT INTO `rules` VALUES (4439803441, 'p', '5439801867', '/api/v1/role/:id', 'DELETE', '', '', '');
INSERT INTO `rules` VALUES (4439803442, 'p', '5439801867', '/api/v1/role/:id/menus', 'POST', '', '', '');
INSERT INTO `rules` VALUES (4439803443, 'p', '5439801867', '/api/v1/menu', 'POST', '', '', '');
INSERT INTO `rules` VALUES (4439803444, 'p', '5439801867', '/api/v1/menu/:id', 'DELETE', '', '', '');
INSERT INTO `rules` VALUES (4439803445, 'p', '5439801867', '/api/v1/menu/:id', 'PUT', '', '', '');
INSERT INTO `rules` VALUES (4439803446, 'p', '5439801867', '/api/v1/user/:id/roles', 'POST', '', '', '');
INSERT INTO `rules` VALUES (4439803447, 'p', '5439801867', '/api/v1/menu/:id/test', 'PUT', '', '', '');
INSERT INTO `rules` VALUES (4439803448, 'p', '5439801867', '/api/v1/*', 'POST', '', '', '');
INSERT INTO `rules` VALUES (4439803449, 'p', '5439801867', '/api/v1/menu/:id/status/:status', 'PUT', '', '', '');
INSERT INTO `rules` VALUES (4439803450, 'p', '5439801867', '/api/v1/user/:id/status/:status', 'PUT', '', '', '');
INSERT INTO `rules` VALUES (4439803451, 'p', '5439801867', '/api/v1/role/:id/status/:status', 'PUT', '', '', '');
INSERT INTO `rules` VALUES (4439803452, 'p', '5439801867', '/api/v1/host', 'POST', '', '', '');
INSERT INTO `rules` VALUES (4439803453, 'p', '5439801867', '/api/v1/host/:id', 'DELETE', '', '', '');
INSERT INTO `rules` VALUES (4439803454, 'p', '5439801867', '/api/v1/host/:id/ws', 'GET', '', '', '');
INSERT INTO `rules` VALUES (4439803455, 'p', '5439801867', '/api/v1/host*', 'GET', '', '', '');
INSERT INTO `rules` VALUES (4439803456, 'p', '5439801867', '/namespace/:name', 'DELETE', '', '', '');
INSERT INTO `rules` VALUES (4439803554, 'p', '5439801856', '/api/v1/user', 'POST', '', '', '');
INSERT INTO `rules` VALUES (4439803555, 'p', '5439801856', '/api/v1/user/:id', 'DELETE', '', '', '');
INSERT INTO `rules` VALUES (4439803556, 'p', '5439801856', '/api/v1/user', 'PUT', '', '', '');
INSERT INTO `rules` VALUES (4439803557, 'p', '5439801856', '/api/v1/user*|/api/v1/role*', 'GET', '', '', '');
INSERT INTO `rules` VALUES (4439803558, 'p', '5439801856', '/api/v1/role*|/api/v1/menu*', 'GET', '', '', '');
INSERT INTO `rules` VALUES (4439803559, 'p', '5439801856', '/api/v1/menu*', 'GET', '', '', '');
INSERT INTO `rules` VALUES (4439803560, 'p', '5439801856', '/api/v1/role', 'POST', '', '', '');
INSERT INTO `rules` VALUES (4439803561, 'p', '5439801856', '/api/v1/role/:id', 'PUT', '', '', '');
INSERT INTO `rules` VALUES (4439803562, 'p', '5439801856', '/api/v1/role/:id', 'DELETE', '', '', '');
INSERT INTO `rules` VALUES (4439803563, 'p', '5439801856', '/api/v1/role/:id/menus', 'POST', '', '', '');
INSERT INTO `rules` VALUES (4439803564, 'p', '5439801856', '/api/v1/menu', 'POST', '', '', '');
INSERT INTO `rules` VALUES (4439803565, 'p', '5439801856', '/api/v1/menu/:id', 'DELETE', '', '', '');
INSERT INTO `rules` VALUES (4439803566, 'p', '5439801856', '/api/v1/menu/:id', 'PUT', '', '', '');
INSERT INTO `rules` VALUES (4439803567, 'p', '5439801856', '/api/v1/user/:id/roles', 'POST', '', '', '');
INSERT INTO `rules` VALUES (4439803568, 'p', '5439801856', '/api/v1/menu/:id/test', 'PUT', '', '', '');
INSERT INTO `rules` VALUES (4439803569, 'p', '5439801856', '/api/v1/*', 'POST', '', '', '');
INSERT INTO `rules` VALUES (4439803570, 'p', '5439801856', '/api/v1/menu/:id/status/:status', 'PUT', '', '', '');
INSERT INTO `rules` VALUES (4439803571, 'p', '5439801856', '/api/v1/user/:id/status/:status', 'PUT', '', '', '');
INSERT INTO `rules` VALUES (4439803572, 'p', '5439801856', '/api/v1/role/:id/status/:status', 'PUT', '', '', '');
INSERT INTO `rules` VALUES (4439803573, 'p', '5439801856', '/api/v1/host', 'POST', '', '', '');
INSERT INTO `rules` VALUES (4439803574, 'p', '5439801856', '/api/v1/host/:id', 'DELETE', '', '', '');
INSERT INTO `rules` VALUES (4439803575, 'p', '5439801856', '/api/v1/host/:id/ws', 'GET', '', '', '');
INSERT INTO `rules` VALUES (4439803576, 'p', '5439801856', '/api/v1/host*', 'GET', '', '', '');
INSERT INTO `rules` VALUES (4439803577, 'p', '5439801856', '/namespace/:name', 'DELETE', '', '', '');
COMMIT;

-- ----------------------------
-- Table structure for tenants
-- ----------------------------
DROP TABLE IF EXISTS `tenants`;
CREATE TABLE `tenants` (
  `tenant_id` int NOT NULL AUTO_INCREMENT,
  `tenant_name` varchar(50) CHARACTER SET utf8mb4 COLLATE utf8mb4_bin DEFAULT NULL,
  PRIMARY KEY (`tenant_id`) USING BTREE
) ENGINE=InnoDB AUTO_INCREMENT=3 DEFAULT CHARSET=utf8mb4 COLLATE=utf8mb4_bin ROW_FORMAT=DYNAMIC;

-- ----------------------------
-- Records of tenants
-- ----------------------------
BEGIN;
INSERT INTO `tenants` VALUES (1, 'domain1');
INSERT INTO `tenants` VALUES (2, 'domain2');
COMMIT;

-- ----------------------------
-- Table structure for user_roles
-- ----------------------------
DROP TABLE IF EXISTS `user_roles`;
CREATE TABLE `user_roles` (
  `id` bigint unsigned NOT NULL AUTO_INCREMENT,
  `created_at` datetime NOT NULL,
  `updated_at` datetime NOT NULL,
  `user_id` bigint unsigned NOT NULL COMMENT '管理员ID',
  `role_id` bigint unsigned NOT NULL COMMENT '角色ID',
  PRIMARY KEY (`id`)
) ENGINE=InnoDB AUTO_INCREMENT=2439801884 DEFAULT CHARSET=utf8mb4 COLLATE=utf8mb4_general_ci;

-- ----------------------------
-- Records of user_roles
-- ----------------------------
BEGIN;
INSERT INTO `user_roles` VALUES (2439801880, '2022-11-06 14:40:21', '2022-11-06 14:40:21', 1439801857, 5439801865);
INSERT INTO `user_roles` VALUES (2439801882, '2022-11-06 16:24:07', '2022-11-06 16:24:07', 1439801856, 5439801856);
INSERT INTO `user_roles` VALUES (2439801883, '2022-11-06 16:24:07', '2022-11-06 16:24:07', 1439801856, 5439801865);
COMMIT;

-- ----------------------------
-- Table structure for users
-- ----------------------------
DROP TABLE IF EXISTS `users`;
CREATE TABLE `users` (
  `id` bigint unsigned NOT NULL AUTO_INCREMENT,
  `created_at` datetime NOT NULL,
  `updated_at` datetime NOT NULL,
  `user_name` varchar(32) CHARACTER SET utf8mb4 COLLATE utf8mb4_general_ci NOT NULL,
  `password` char(128) CHARACTER SET utf8mb4 COLLATE utf8mb4_general_ci NOT NULL,
  `email` varchar(64) CHARACTER SET utf8mb4 COLLATE utf8mb4_general_ci DEFAULT NULL,
  `mobile` char(20) CHARACTER SET utf8mb4 COLLATE utf8mb4_general_ci DEFAULT NULL,
  `status` tinyint(1) NOT NULL DEFAULT '1' COMMENT '状态(1:正常 2:未激活 3:暂停使用)',
  `description` varchar(64) CHARACTER SET utf8mb4 COLLATE utf8mb4_general_ci DEFAULT NULL COMMENT '描述',
  PRIMARY KEY (`id`)
) ENGINE=InnoDB AUTO_INCREMENT=1439801874 DEFAULT CHARSET=utf8mb4 COLLATE=utf8mb4_general_ci;

-- ----------------------------
-- Records of users
-- ----------------------------
BEGIN;
INSERT INTO `users` VALUES (1439801856, '2022-10-29 18:42:49', '2022-10-29 18:42:49', 'admin', '$2a$10$iyPEYrsdaBTQ5jq3w7exIeKqCRHfTFHJemk5t03o01XR01rlLm/E6', 'admin@admin.com', '18088888888', 1, '啊啊');
INSERT INTO `users` VALUES (1439801858, '2022-10-29 20:35:08', '2023-03-30 20:51:49', 'lbemi', '$2a$10$wvx9mFI1ziu9X21ejdHXxODL1xqVCorOZvS62NIOrMT0wfWGnL0fG', 'lbemi@test.com', '15558888888', 1, '99666dadsad');
INSERT INTO `users` VALUES (1439801861, '2022-11-04 10:49:12', '2023-04-25 15:22:17', 'c', '$2a$10$.Rhbvh8P8mWA0JYSkFieH.0CVPvfMiZARPLiwGsYxMF94.pjEAQhi', 'yun.wei@yunling.net', '', 1, '123');
INSERT INTO `users` VALUES (1439801863, '2022-11-04 10:51:38', '2023-03-30 20:52:13', 'q2', '$2a$10$XjZ5S0N.00r3tkZ4xF0blOMGtuSZNPqR8h4sD1UqzBb2kJ3Opi7hW', 'admin@admin.com', '', 2, '123456');
INSERT INTO `users` VALUES (1439801864, '2022-11-04 10:52:09', '2022-11-04 10:52:09', 'q3', '$2a$10$.PcvupTCQUDLCqj7zX/H2uFiig5vk0rUWHg6gWcjjCK66CMrHXhFm', 'admin@admin.com', '', 1, '123456');
INSERT INTO `users` VALUES (1439801866, '2022-11-04 10:52:22', '2022-11-05 12:42:56', 'q5', '$2a$10$oTDUGE4Rs4Ahie.9Dsq1NOLHypFRvFBmCQbQ5I2rg3TrGwkrvMEve', 'admin@admin.com', '', 1, '123456131');
INSERT INTO `users` VALUES (1439801868, '2022-11-04 21:15:57', '2022-11-04 21:15:57', 'yy', '$2a$10$bSsA8YigD6dFnbCjnDnVMeA32wY9M.oT3C44gLrZwiloQ3yrI9sI.', '81576870@qq.com', '', 1, '123');
INSERT INTO `users` VALUES (1439801869, '2022-11-04 21:17:57', '2022-11-04 21:17:57', 'tt', '$2a$10$2FLzR/OBD0ydlzZBp3Wn9udUCAOyK4QxD1KcIDdD0qLGwU.huhA/i', '123@qq.com', '', 1, '123');
INSERT INTO `users` VALUES (1439801870, '2022-11-04 21:37:39', '2022-11-04 21:37:39', 'ss', '$2a$10$FjMSLVLQqXp59yoPrMMTjesDZUfWmDQci./gc.x/H9WjMTwuGe19.', '934366858@qq.com', '', 1, '123');
INSERT INTO `users` VALUES (1439801871, '2023-03-28 17:48:10', '2023-03-28 17:48:10', 'admin2', '$2a$10$3BW6vP8sYXbK7ygudg1hH.BK.YFp4he63x/i/TDhTaO4sBhuT0YY.', 'admin@admin.com', '', 1, '啊啊');
INSERT INTO `users` VALUES (1439801872, '2023-03-28 20:16:45', '2023-03-28 20:16:45', 'test2', '$2a$10$q95REuVxdc3OgQE9TI/uWeQtHQAajtTgbDC9i.t3gt7TEsm0M2PTW', 'test@test.com', '', 1, 'aasd');
INSERT INTO `users` VALUES (1439801873, '2023-03-30 17:14:20', '2023-03-30 17:14:20', 'adf', '$2a$10$Q1waaqHWzCWOrbH61Hit.eZ7ABKxNKIjIlyPnxIjLAxTlQ9Lj3oli', 'test@test.com', '', 1, '');
COMMIT;

SET FOREIGN_KEY_CHECKS = 1;
